/*
SQLyog Community v13.1.5  (64 bit)
MySQL - 10.4.6-MariaDB : Database - textBoard
*********************************************************************
*/

/*!40101 SET NAMES utf8 */;

/*!40101 SET SQL_MODE=''*/;

/*!40014 SET @OLD_UNIQUE_CHECKS=@@UNIQUE_CHECKS, UNIQUE_CHECKS=0 */;
/*!40014 SET @OLD_FOREIGN_KEY_CHECKS=@@FOREIGN_KEY_CHECKS, FOREIGN_KEY_CHECKS=0 */;
/*!40101 SET @OLD_SQL_MODE=@@SQL_MODE, SQL_MODE='NO_AUTO_VALUE_ON_ZERO' */;
/*!40111 SET @OLD_SQL_NOTES=@@SQL_NOTES, SQL_NOTES=0 */;
CREATE DATABASE /*!32312 IF NOT EXISTS*/`textBoard` /*!40100 DEFAULT CHARACTER SET utf8 COLLATE utf8_unicode_ci */;

USE `textBoard`;

/*Table structure for table `article` */

DROP TABLE IF EXISTS `article`;

CREATE TABLE `article` (
  `id` int(10) unsigned NOT NULL AUTO_INCREMENT,
  `regDate` datetime NOT NULL,
  `updateDate` datetime NOT NULL,
  `title` char(200) COLLATE utf8_unicode_ci NOT NULL,
  `body` text COLLATE utf8_unicode_ci NOT NULL,
  `memberId` int(10) unsigned NOT NULL,
  `boardId` int(10) unsigned NOT NULL,
  `hit` int(10) unsigned NOT NULL,
  PRIMARY KEY (`id`)
) ENGINE=InnoDB AUTO_INCREMENT=1321 DEFAULT CHARSET=utf8 COLLATE=utf8_unicode_ci;

/*Data for the table `article` */

insert  into `article`(`id`,`regDate`,`updateDate`,`title`,`body`,`memberId`,`boardId`,`hit`) values 
(1,'2020-12-15 13:12:50','2020-12-15 13:12:50','제목_7','내용_6',2,1,0),
(2,'2020-12-15 13:12:50','2020-12-15 13:12:50','제목_8','내용_3',2,1,0),
(3,'2020-12-15 13:12:50','2020-12-15 13:12:50','제목_4','내용_1',2,1,0),
(4,'2020-12-15 13:12:50','2020-12-15 13:12:50','제목_8','내용_9',1,1,0),
(5,'2020-12-15 13:12:50','2020-12-15 13:12:50','제목_7','내용_6',1,2,0),
(6,'2020-12-15 13:12:50','2020-12-15 13:12:50','제목_7','내용_8',1,1,0),
(7,'2020-12-15 13:12:50','2020-12-15 13:12:50','제목_8','내용_3',1,1,0),
(8,'2020-12-15 13:12:50','2020-12-15 13:12:50','제목_7','내용_8',1,1,0),
(9,'2020-12-15 13:12:50','2020-12-15 13:12:50','제목_6','내용_10',1,1,0),
(10,'2020-12-15 13:12:50','2020-12-15 13:12:50','제목_3','내용_1',2,2,0),
(11,'2020-12-15 13:12:50','2020-12-15 13:12:50','제목_9','내용_2',1,2,0),
(12,'2020-12-15 13:12:50','2020-12-15 13:12:50','제목_10','내용_9',2,2,0),
(13,'2020-12-15 13:12:50','2020-12-15 13:12:50','제목_4','내용_9',2,1,0),
(14,'2020-12-15 13:12:50','2020-12-15 13:12:50','제목_7','내용_9',2,2,0),
(15,'2020-12-15 13:12:50','2020-12-15 13:12:50','제목_3','내용_10',2,1,0),
(16,'2020-12-15 13:12:50','2020-12-15 13:12:50','제목_4','내용_8',1,2,0),
(17,'2020-12-15 13:12:50','2020-12-15 13:12:50','제목_2','내용_6',2,2,0),
(18,'2020-12-15 13:12:50','2020-12-15 13:12:50','제목_7','내용_8',1,1,0),
(19,'2020-12-15 13:12:50','2020-12-15 13:12:50','제목_7','내용_6',2,2,0),
(20,'2020-12-15 13:12:50','2020-12-15 13:12:50','제목_7','내용_3',2,2,0),
(21,'2020-12-15 13:12:50','2020-12-15 13:12:50','제목_5','내용_1',1,1,0),
(22,'2020-12-15 13:12:50','2020-12-15 13:12:50','제목_8','내용_4',2,1,0),
(23,'2020-12-15 13:12:50','2020-12-15 13:12:50','제목_4','내용_1',2,2,0),
(24,'2020-12-15 13:12:50','2020-12-15 13:12:50','제목_1','내용_6',1,2,0),
(25,'2020-12-15 13:12:50','2020-12-15 13:12:50','제목_2','내용_9',1,2,0),
(26,'2020-12-15 13:12:50','2020-12-15 13:12:50','제목_7','내용_2',1,1,0),
(27,'2020-12-15 13:12:50','2020-12-15 13:12:50','제목_7','내용_7',1,2,0),
(28,'2020-12-15 13:12:50','2020-12-15 13:12:50','제목_7','내용_9',2,2,0),
(29,'2020-12-15 13:12:50','2020-12-15 13:12:50','제목_9','내용_10',1,1,0),
(30,'2020-12-15 13:12:50','2020-12-15 13:12:50','제목_10','내용_8',1,1,0),
(31,'2020-12-15 13:12:51','2020-12-15 13:12:51','제목_8','내용_1',2,1,0),
(32,'2020-12-15 13:12:51','2020-12-15 13:12:51','제목_8','내용_2',2,1,0),
(33,'2020-12-15 13:12:51','2020-12-15 13:12:51','제목_5','내용_2',2,1,0),
(34,'2020-12-15 13:12:51','2020-12-15 13:12:51','제목_4','내용_8',1,2,0),
(35,'2020-12-15 13:12:51','2020-12-15 13:12:51','제목_7','내용_8',1,1,0),
(36,'2020-12-15 13:12:51','2020-12-15 13:12:51','제목_4','내용_9',2,1,0),
(37,'2020-12-15 13:12:51','2020-12-15 13:12:51','제목_4','내용_1',2,2,0),
(38,'2020-12-15 13:12:51','2020-12-15 13:12:51','제목_9','내용_3',1,2,0),
(39,'2020-12-15 13:12:51','2020-12-15 13:12:51','제목_4','내용_4',1,1,0),
(40,'2020-12-15 13:12:51','2020-12-15 13:12:51','제목_6','내용_3',1,1,0),
(41,'2020-12-15 13:12:51','2020-12-15 13:12:51','제목_5','내용_4',2,1,0),
(42,'2020-12-15 13:12:51','2020-12-15 13:12:51','제목_5','내용_1',2,1,0),
(43,'2020-12-15 13:12:51','2020-12-15 13:12:51','제목_5','내용_6',1,1,0),
(44,'2020-12-15 13:12:51','2020-12-15 13:12:51','제목_2','내용_8',1,2,0),
(45,'2020-12-15 13:12:51','2020-12-15 13:12:51','제목_5','내용_7',1,1,0),
(46,'2020-12-15 13:12:51','2020-12-15 13:12:51','제목_3','내용_8',2,1,0),
(47,'2020-12-15 13:12:51','2020-12-15 13:12:51','제목_1','내용_8',1,2,0),
(48,'2020-12-15 13:12:51','2020-12-15 13:12:51','제목_3','내용_2',2,2,0),
(49,'2020-12-15 13:12:51','2020-12-15 13:12:51','제목_9','내용_2',2,1,0),
(50,'2020-12-15 13:12:51','2020-12-15 13:12:51','제목_5','내용_8',2,2,0),
(51,'2020-12-15 13:12:51','2020-12-15 13:12:51','제목_3','내용_8',1,2,0),
(52,'2020-12-15 13:12:51','2020-12-15 13:12:51','제목_4','내용_1',2,2,0),
(53,'2020-12-15 13:12:51','2020-12-15 13:12:51','제목_1','내용_6',1,2,0),
(54,'2020-12-15 13:12:51','2020-12-15 13:12:51','제목_4','내용_2',1,1,0),
(55,'2020-12-15 13:12:51','2020-12-15 13:12:51','제목_9','내용_4',1,1,0),
(56,'2020-12-15 13:12:51','2020-12-15 13:12:51','제목_7','내용_5',1,2,0),
(57,'2020-12-15 13:12:51','2020-12-15 13:12:51','제목_6','내용_4',1,1,0),
(58,'2020-12-15 13:12:51','2020-12-15 13:12:51','제목_4','내용_1',2,1,0),
(59,'2020-12-15 13:12:51','2020-12-15 13:12:51','제목_1','내용_7',2,2,0),
(60,'2020-12-15 13:12:51','2020-12-15 13:12:51','제목_8','내용_5',2,1,0),
(61,'2020-12-15 13:12:51','2020-12-15 13:12:51','제목_7','내용_3',2,2,0),
(62,'2020-12-15 13:12:51','2020-12-15 13:12:51','제목_8','내용_1',2,1,0),
(63,'2020-12-15 13:12:51','2020-12-15 13:12:51','제목_6','내용_1',2,2,0),
(64,'2020-12-15 13:12:51','2020-12-15 13:12:51','제목_10','내용_2',1,2,0),
(65,'2020-12-15 13:12:51','2020-12-15 13:12:51','제목_4','내용_6',2,1,0),
(66,'2020-12-15 13:12:51','2020-12-15 13:12:51','제목_5','내용_4',2,1,0),
(67,'2020-12-15 13:12:51','2020-12-15 13:12:51','제목_10','내용_4',1,1,0),
(68,'2020-12-15 13:12:51','2020-12-15 13:12:51','제목_8','내용_9',2,1,0),
(69,'2020-12-15 13:12:51','2020-12-15 13:12:51','제목_10','내용_9',2,2,0),
(70,'2020-12-15 13:12:51','2020-12-15 13:12:51','제목_10','내용_2',1,2,0),
(71,'2020-12-15 13:12:51','2020-12-15 13:12:51','제목_9','내용_4',1,1,0),
(72,'2020-12-15 13:12:51','2020-12-15 13:12:51','제목_9','내용_4',2,1,0),
(73,'2020-12-15 13:12:51','2020-12-15 13:12:51','제목_9','내용_1',2,2,0),
(74,'2020-12-15 13:12:51','2020-12-15 13:12:51','제목_6','내용_1',1,1,0),
(75,'2020-12-15 13:12:51','2020-12-15 13:12:51','제목_9','내용_3',1,2,0),
(76,'2020-12-15 13:12:51','2020-12-15 13:12:51','제목_5','내용_9',1,1,0),
(77,'2020-12-15 13:12:51','2020-12-15 13:12:51','제목_8','내용_3',1,2,0),
(78,'2020-12-15 13:12:51','2020-12-15 13:12:51','제목_5','내용_10',2,2,0),
(79,'2020-12-15 13:12:51','2020-12-15 13:12:51','제목_9','내용_7',1,2,0),
(80,'2020-12-15 13:12:51','2020-12-15 13:12:51','제목_6','내용_8',2,2,0),
(81,'2020-12-15 13:12:51','2020-12-15 13:12:51','제목_9','내용_3',2,1,0),
(82,'2020-12-15 13:12:51','2020-12-15 13:12:51','제목_3','내용_8',2,1,0),
(83,'2020-12-15 13:12:51','2020-12-15 13:12:51','제목_8','내용_8',1,1,0),
(84,'2020-12-15 13:12:51','2020-12-15 13:12:51','제목_7','내용_3',2,1,0),
(85,'2020-12-15 13:12:51','2020-12-15 13:12:51','제목_8','내용_1',1,1,0),
(86,'2020-12-15 13:12:51','2020-12-15 13:12:51','제목_9','내용_7',1,1,0),
(87,'2020-12-15 13:12:51','2020-12-15 13:12:51','제목_9','내용_6',2,1,0),
(88,'2020-12-15 13:12:51','2020-12-15 13:12:51','제목_4','내용_2',2,2,0),
(89,'2020-12-15 13:12:51','2020-12-15 13:12:51','제목_7','내용_1',2,1,0),
(90,'2020-12-15 13:12:51','2020-12-15 13:12:51','제목_6','내용_1',2,1,0),
(91,'2020-12-15 13:12:51','2020-12-15 13:12:51','제목_1','내용_8',1,2,0),
(92,'2020-12-15 13:12:51','2020-12-15 13:12:51','제목_7','내용_9',2,1,0),
(93,'2020-12-15 13:12:51','2020-12-15 13:12:51','제목_7','내용_6',1,2,0),
(94,'2020-12-15 13:12:51','2020-12-15 13:12:51','제목_9','내용_7',1,2,0),
(95,'2020-12-15 13:12:51','2020-12-15 13:12:51','제목_8','내용_9',1,2,0),
(96,'2020-12-15 13:12:51','2020-12-15 13:12:51','제목_8','내용_3',1,1,0),
(97,'2020-12-15 13:12:51','2020-12-15 13:12:51','제목_9','내용_4',2,1,0),
(98,'2020-12-15 13:12:51','2020-12-15 13:12:51','제목_5','내용_9',1,1,0),
(99,'2020-12-15 13:12:51','2020-12-15 13:12:51','제목_9','내용_5',1,1,0),
(100,'2020-12-15 13:12:51','2020-12-15 13:12:51','제목_9','내용_1',1,1,0),
(101,'2020-12-15 13:12:51','2020-12-15 13:12:51','제목_1','내용_2',1,1,0),
(102,'2020-12-15 13:12:51','2020-12-15 13:12:51','제목_2','내용_7',1,1,0),
(103,'2020-12-15 13:12:51','2020-12-15 13:12:51','제목_5','내용_9',1,1,0),
(104,'2020-12-15 13:12:51','2020-12-15 13:12:51','제목_10','내용_2',1,2,0),
(105,'2020-12-15 13:12:51','2020-12-15 13:12:51','제목_1','내용_8',2,2,0),
(106,'2020-12-15 13:12:51','2020-12-15 13:12:51','제목_2','내용_6',1,2,0),
(107,'2020-12-15 13:12:51','2020-12-15 13:12:51','제목_10','내용_9',2,2,0),
(108,'2020-12-15 13:12:51','2020-12-15 13:12:51','제목_8','내용_3',2,1,0),
(109,'2020-12-15 13:12:51','2020-12-15 13:12:51','제목_3','내용_2',2,2,0),
(110,'2020-12-15 13:12:51','2020-12-15 13:12:51','제목_1','내용_10',1,2,0),
(111,'2020-12-15 13:12:51','2020-12-15 13:12:51','제목_6','내용_7',1,1,0),
(112,'2020-12-15 13:12:51','2020-12-15 13:12:51','제목_3','내용_3',1,2,0),
(113,'2020-12-15 13:12:51','2020-12-15 13:12:51','제목_10','내용_2',2,2,0),
(114,'2020-12-15 13:12:51','2020-12-15 13:12:51','제목_1','내용_4',1,2,0),
(115,'2020-12-15 13:12:51','2020-12-15 13:12:51','제목_3','내용_5',1,2,0),
(116,'2020-12-15 13:12:51','2020-12-15 13:12:51','제목_2','내용_5',2,1,0),
(117,'2020-12-15 13:12:51','2020-12-15 13:12:51','제목_6','내용_7',1,1,0),
(118,'2020-12-15 13:12:51','2020-12-15 13:12:51','제목_9','내용_1',1,1,0),
(119,'2020-12-15 13:12:51','2020-12-15 13:12:51','제목_5','내용_9',1,1,0),
(120,'2020-12-15 13:12:51','2020-12-15 13:12:51','제목_8','내용_7',1,2,0),
(121,'2020-12-15 13:12:51','2020-12-15 13:12:51','제목_8','내용_3',1,1,0),
(122,'2020-12-15 13:12:51','2020-12-15 13:12:51','제목_9','내용_7',2,2,0),
(123,'2020-12-15 13:12:51','2020-12-15 13:12:51','제목_6','내용_4',2,1,0),
(124,'2020-12-15 13:12:51','2020-12-15 13:12:51','제목_9','내용_5',1,1,0),
(125,'2020-12-15 13:12:51','2020-12-15 13:12:51','제목_9','내용_8',1,2,0),
(126,'2020-12-15 13:12:51','2020-12-15 13:12:51','제목_9','내용_4',2,2,0),
(127,'2020-12-15 13:12:51','2020-12-15 13:12:51','제목_4','내용_1',2,2,0),
(128,'2020-12-15 13:12:51','2020-12-15 13:12:51','제목_6','내용_4',1,1,0),
(129,'2020-12-15 13:12:51','2020-12-15 13:12:51','제목_8','내용_1',2,1,0),
(130,'2020-12-15 13:12:51','2020-12-15 13:12:51','제목_7','내용_3',1,1,0),
(131,'2020-12-15 13:12:51','2020-12-15 13:12:51','제목_2','내용_7',2,2,0),
(132,'2020-12-15 13:12:51','2020-12-15 13:12:51','제목_1','내용_9',1,2,0),
(133,'2020-12-15 13:12:51','2020-12-15 13:12:51','제목_2','내용_2',2,2,0),
(134,'2020-12-15 13:12:51','2020-12-15 13:12:51','제목_5','내용_3',1,2,0),
(135,'2020-12-15 13:12:51','2020-12-15 13:12:51','제목_2','내용_9',1,1,0),
(136,'2020-12-15 13:12:51','2020-12-15 13:12:51','제목_3','내용_8',1,1,0),
(137,'2020-12-15 13:12:51','2020-12-15 13:12:51','제목_8','내용_2',1,2,0),
(138,'2020-12-15 13:12:51','2020-12-15 13:12:51','제목_1','내용_2',1,1,0),
(139,'2020-12-15 13:12:51','2020-12-15 13:12:51','제목_7','내용_4',1,1,0),
(140,'2020-12-15 13:12:51','2020-12-15 13:12:51','제목_2','내용_8',1,2,0),
(141,'2020-12-15 13:12:51','2020-12-15 13:12:51','제목_2','내용_6',2,1,0),
(142,'2020-12-15 13:12:51','2020-12-15 13:12:51','제목_5','내용_6',2,1,0),
(143,'2020-12-15 13:12:51','2020-12-15 13:12:51','제목_4','내용_3',2,1,0),
(144,'2020-12-15 13:12:51','2020-12-15 13:12:51','제목_5','내용_3',1,1,0),
(145,'2020-12-15 13:12:51','2020-12-15 13:12:51','제목_1','내용_6',1,2,0),
(146,'2020-12-15 13:12:51','2020-12-15 13:12:51','제목_1','내용_2',1,2,0),
(147,'2020-12-15 13:12:51','2020-12-15 13:12:51','제목_1','내용_6',2,2,0),
(148,'2020-12-15 13:12:51','2020-12-15 13:12:51','제목_8','내용_2',1,2,0),
(149,'2020-12-15 13:12:51','2020-12-15 13:12:51','제목_7','내용_10',1,1,0),
(150,'2020-12-15 13:12:51','2020-12-15 13:12:51','제목_3','내용_3',1,1,0),
(151,'2020-12-15 13:12:51','2020-12-15 13:12:51','제목_9','내용_7',1,1,0),
(152,'2020-12-15 13:12:51','2020-12-15 13:12:51','제목_10','내용_7',1,1,0),
(153,'2020-12-15 13:12:51','2020-12-15 13:12:51','제목_2','내용_3',1,2,0),
(154,'2020-12-15 13:12:51','2020-12-15 13:12:51','제목_9','내용_1',1,1,0),
(155,'2020-12-15 13:12:51','2020-12-15 13:12:51','제목_9','내용_5',2,2,0),
(156,'2020-12-15 13:12:51','2020-12-15 13:12:51','제목_9','내용_10',1,1,0),
(157,'2020-12-15 13:12:51','2020-12-15 13:12:51','제목_7','내용_2',1,2,0),
(158,'2020-12-15 13:12:51','2020-12-15 13:12:51','제목_4','내용_10',1,2,0),
(159,'2020-12-15 13:12:51','2020-12-15 13:12:51','제목_7','내용_4',1,1,0),
(160,'2020-12-15 13:12:51','2020-12-15 13:12:51','제목_7','내용_6',1,2,0),
(161,'2020-12-15 13:12:51','2020-12-15 13:12:51','제목_3','내용_3',2,1,0),
(162,'2020-12-15 13:12:51','2020-12-15 13:12:51','제목_2','내용_6',2,2,0),
(163,'2020-12-15 13:12:51','2020-12-15 13:12:51','제목_4','내용_3',2,1,0),
(164,'2020-12-15 13:12:51','2020-12-15 13:12:51','제목_3','내용_6',2,1,0),
(165,'2020-12-15 13:12:51','2020-12-15 13:12:51','제목_6','내용_6',2,1,0),
(166,'2020-12-15 13:12:51','2020-12-15 13:12:51','제목_3','내용_7',1,1,0),
(167,'2020-12-15 13:12:51','2020-12-15 13:12:51','제목_5','내용_10',1,1,0),
(168,'2020-12-15 13:12:51','2020-12-15 13:12:51','제목_7','내용_5',1,2,0),
(169,'2020-12-15 13:12:51','2020-12-15 13:12:51','제목_9','내용_3',1,2,0),
(170,'2020-12-15 13:12:51','2020-12-15 13:12:51','제목_1','내용_5',1,1,0),
(171,'2020-12-15 13:12:51','2020-12-15 13:12:51','제목_1','내용_4',1,1,0),
(172,'2020-12-15 13:12:51','2020-12-15 13:12:51','제목_8','내용_2',2,1,0),
(173,'2020-12-15 13:12:51','2020-12-15 13:12:51','제목_7','내용_8',1,2,0),
(174,'2020-12-15 13:12:51','2020-12-15 13:12:51','제목_2','내용_5',1,2,0),
(175,'2020-12-15 13:12:51','2020-12-15 13:12:51','제목_7','내용_3',2,1,0),
(176,'2020-12-15 13:12:51','2020-12-15 13:12:51','제목_4','내용_1',2,2,0),
(177,'2020-12-15 13:12:51','2020-12-15 13:12:51','제목_10','내용_6',1,1,0),
(178,'2020-12-15 13:12:51','2020-12-15 13:12:51','제목_4','내용_5',2,1,0),
(179,'2020-12-15 13:12:51','2020-12-15 13:12:51','제목_6','내용_1',1,1,0),
(180,'2020-12-15 13:12:51','2020-12-15 13:12:51','제목_7','내용_7',2,1,0),
(181,'2020-12-15 13:12:51','2020-12-15 13:12:51','제목_9','내용_5',1,2,0),
(182,'2020-12-15 13:12:51','2020-12-15 13:12:51','제목_4','내용_1',2,1,0),
(183,'2020-12-15 13:12:51','2020-12-15 13:12:51','제목_8','내용_8',1,2,0),
(184,'2020-12-15 13:12:51','2020-12-15 13:12:51','제목_2','내용_5',2,1,0),
(185,'2020-12-15 13:12:51','2020-12-15 13:12:51','제목_5','내용_4',2,1,0),
(186,'2020-12-15 13:12:51','2020-12-15 13:12:51','제목_1','내용_7',2,1,0),
(187,'2020-12-15 13:12:51','2020-12-15 13:12:51','제목_10','내용_10',1,1,0),
(188,'2020-12-15 13:12:51','2020-12-15 13:12:51','제목_10','내용_8',2,1,0),
(189,'2020-12-15 13:12:51','2020-12-15 13:12:51','제목_6','내용_10',1,1,0),
(190,'2020-12-15 13:12:51','2020-12-15 13:12:51','제목_1','내용_4',1,1,0),
(191,'2020-12-15 13:12:51','2020-12-15 13:12:51','제목_5','내용_8',2,1,0),
(192,'2020-12-15 13:12:51','2020-12-15 13:12:51','제목_4','내용_1',2,2,0),
(193,'2020-12-15 13:12:51','2020-12-15 13:12:51','제목_2','내용_2',2,2,0),
(194,'2020-12-15 13:12:51','2020-12-15 13:12:51','제목_5','내용_9',1,1,0),
(195,'2020-12-15 13:12:51','2020-12-15 13:12:51','제목_2','내용_7',1,1,0),
(196,'2020-12-15 13:12:51','2020-12-15 13:12:51','제목_10','내용_3',2,1,0),
(197,'2020-12-15 13:12:51','2020-12-15 13:12:51','제목_6','내용_2',1,1,0),
(198,'2020-12-15 13:12:51','2020-12-15 13:12:51','제목_5','내용_4',1,2,0),
(199,'2020-12-15 13:12:51','2020-12-15 13:12:51','제목_2','내용_10',2,2,0),
(200,'2020-12-15 13:12:51','2020-12-15 13:12:51','제목_6','내용_5',1,2,0),
(201,'2020-12-15 13:12:51','2020-12-15 13:12:51','제목_10','내용_9',2,1,0),
(202,'2020-12-15 13:12:51','2020-12-15 13:12:51','제목_10','내용_4',1,1,0),
(203,'2020-12-15 13:12:51','2020-12-15 13:12:51','제목_8','내용_7',2,2,0),
(204,'2020-12-15 13:12:51','2020-12-15 13:12:51','제목_6','내용_4',2,2,0),
(205,'2020-12-15 13:12:51','2020-12-15 13:12:51','제목_3','내용_10',2,1,0),
(206,'2020-12-15 13:12:51','2020-12-15 13:12:51','제목_8','내용_3',1,2,0),
(207,'2020-12-15 13:12:51','2020-12-15 13:12:51','제목_10','내용_5',2,2,0),
(208,'2020-12-15 13:12:51','2020-12-15 13:12:51','제목_6','내용_3',1,1,0),
(209,'2020-12-15 13:12:51','2020-12-15 13:12:51','제목_6','내용_9',1,2,0),
(210,'2020-12-15 13:12:51','2020-12-15 13:12:51','제목_7','내용_6',1,2,0),
(211,'2020-12-15 13:12:51','2020-12-15 13:12:51','제목_6','내용_7',1,2,0),
(212,'2020-12-15 13:12:51','2020-12-15 13:12:51','제목_3','내용_5',2,1,0),
(213,'2020-12-15 13:12:51','2020-12-15 13:12:51','제목_6','내용_10',2,1,0),
(214,'2020-12-15 13:12:51','2020-12-15 13:12:51','제목_2','내용_8',2,1,0),
(215,'2020-12-15 13:12:51','2020-12-15 13:12:51','제목_9','내용_3',1,1,0),
(216,'2020-12-15 13:12:51','2020-12-15 13:12:51','제목_8','내용_7',2,2,0),
(217,'2020-12-15 13:12:51','2020-12-15 13:12:51','제목_6','내용_8',2,2,0),
(218,'2020-12-15 13:12:51','2020-12-15 13:12:51','제목_10','내용_6',1,2,0),
(219,'2020-12-15 13:12:51','2020-12-15 13:12:51','제목_9','내용_9',1,2,0),
(220,'2020-12-15 13:12:51','2020-12-15 13:12:51','제목_4','내용_7',2,2,0),
(221,'2020-12-15 13:12:51','2020-12-15 13:12:51','제목_2','내용_5',1,2,0),
(222,'2020-12-15 13:12:51','2020-12-15 13:12:51','제목_8','내용_5',1,1,0),
(223,'2020-12-15 13:12:51','2020-12-15 13:12:51','제목_2','내용_9',2,2,0),
(224,'2020-12-15 13:12:51','2020-12-15 13:12:51','제목_2','내용_3',1,1,0),
(225,'2020-12-15 13:12:51','2020-12-15 13:12:51','제목_4','내용_5',2,1,0),
(226,'2020-12-15 13:12:51','2020-12-15 13:12:51','제목_3','내용_10',1,1,0),
(227,'2020-12-15 13:12:51','2020-12-15 13:12:51','제목_9','내용_10',2,1,0),
(228,'2020-12-15 13:12:51','2020-12-15 13:12:51','제목_4','내용_10',1,1,0),
(229,'2020-12-15 13:12:51','2020-12-15 13:12:51','제목_4','내용_4',1,2,0),
(230,'2020-12-15 13:12:51','2020-12-15 13:12:51','제목_2','내용_4',2,1,0),
(231,'2020-12-15 13:12:51','2020-12-15 13:12:51','제목_2','내용_9',2,1,0),
(232,'2020-12-15 13:12:51','2020-12-15 13:12:51','제목_2','내용_1',1,1,0),
(233,'2020-12-15 13:12:51','2020-12-15 13:12:51','제목_7','내용_7',2,2,0),
(234,'2020-12-15 13:12:51','2020-12-15 13:12:51','제목_9','내용_3',2,2,0),
(235,'2020-12-15 13:12:51','2020-12-15 13:12:51','제목_2','내용_2',1,2,0),
(236,'2020-12-15 13:12:51','2020-12-15 13:12:51','제목_8','내용_1',1,1,0),
(237,'2020-12-15 13:12:51','2020-12-15 13:12:51','제목_4','내용_5',2,1,0),
(238,'2020-12-15 13:12:51','2020-12-15 13:12:51','제목_5','내용_7',1,1,0),
(239,'2020-12-15 13:12:51','2020-12-15 13:12:51','제목_5','내용_6',2,1,0),
(240,'2020-12-15 13:12:51','2020-12-15 13:12:51','제목_3','내용_4',2,2,0),
(241,'2020-12-15 13:12:51','2020-12-15 13:12:51','제목_9','내용_3',1,2,0),
(242,'2020-12-15 13:12:51','2020-12-15 13:12:51','제목_7','내용_2',1,1,0),
(243,'2020-12-15 13:12:51','2020-12-15 13:12:51','제목_9','내용_8',2,1,0),
(244,'2020-12-15 13:12:52','2020-12-15 13:12:52','제목_4','내용_6',2,2,0),
(245,'2020-12-15 13:12:52','2020-12-15 13:12:52','제목_3','내용_6',1,2,0),
(246,'2020-12-15 13:12:52','2020-12-15 13:12:52','제목_6','내용_7',1,2,0),
(247,'2020-12-15 13:12:52','2020-12-15 13:12:52','제목_7','내용_8',1,2,0),
(248,'2020-12-15 13:12:52','2020-12-15 13:12:52','제목_10','내용_10',1,2,0),
(249,'2020-12-15 13:12:52','2020-12-15 13:12:52','제목_4','내용_5',2,1,0),
(250,'2020-12-15 13:12:52','2020-12-15 13:12:52','제목_8','내용_8',1,2,0),
(251,'2020-12-15 13:12:52','2020-12-15 13:12:52','제목_5','내용_2',2,1,0),
(252,'2020-12-15 13:12:52','2020-12-15 13:12:52','제목_5','내용_7',1,2,0),
(253,'2020-12-15 13:12:52','2020-12-15 13:12:52','제목_8','내용_7',2,1,0),
(254,'2020-12-15 13:12:52','2020-12-15 13:12:52','제목_4','내용_7',1,2,0),
(255,'2020-12-15 13:12:52','2020-12-15 13:12:52','제목_2','내용_5',2,2,0),
(256,'2020-12-15 13:12:52','2020-12-15 13:12:52','제목_4','내용_3',2,1,0),
(257,'2020-12-15 13:12:52','2020-12-15 13:12:52','제목_3','내용_5',2,1,0),
(258,'2020-12-15 13:12:52','2020-12-15 13:12:52','제목_5','내용_2',2,1,0),
(259,'2020-12-15 13:12:52','2020-12-15 13:12:52','제목_4','내용_1',2,1,0),
(260,'2020-12-15 13:12:52','2020-12-15 13:12:52','제목_10','내용_8',1,1,0),
(261,'2020-12-15 13:12:52','2020-12-15 13:12:52','제목_5','내용_4',2,2,0),
(262,'2020-12-15 13:12:52','2020-12-15 13:12:52','제목_3','내용_10',1,1,0),
(263,'2020-12-15 13:12:52','2020-12-15 13:12:52','제목_6','내용_1',2,2,0),
(264,'2020-12-15 13:12:52','2020-12-15 13:12:52','제목_2','내용_3',1,2,0),
(265,'2020-12-15 13:12:52','2020-12-15 13:12:52','제목_3','내용_1',1,2,0),
(266,'2020-12-15 13:12:52','2020-12-15 13:12:52','제목_10','내용_5',2,1,0),
(267,'2020-12-15 13:12:52','2020-12-15 13:12:52','제목_2','내용_10',2,2,0),
(268,'2020-12-15 13:12:52','2020-12-15 13:12:52','제목_4','내용_7',2,2,0),
(269,'2020-12-15 13:12:52','2020-12-15 13:12:52','제목_7','내용_2',1,1,0),
(270,'2020-12-15 13:12:52','2020-12-15 13:12:52','제목_3','내용_8',1,1,0),
(271,'2020-12-15 13:12:52','2020-12-15 13:12:52','제목_10','내용_1',1,2,0),
(272,'2020-12-15 13:12:52','2020-12-15 13:12:52','제목_7','내용_10',1,2,0),
(273,'2020-12-15 13:12:52','2020-12-15 13:12:52','제목_10','내용_4',1,1,0),
(274,'2020-12-15 13:12:52','2020-12-15 13:12:52','제목_6','내용_7',1,1,0),
(275,'2020-12-15 13:12:52','2020-12-15 13:12:52','제목_3','내용_9',2,1,0),
(276,'2020-12-15 13:12:52','2020-12-15 13:12:52','제목_5','내용_7',1,2,0),
(277,'2020-12-15 13:12:52','2020-12-15 13:12:52','제목_2','내용_7',1,1,0),
(278,'2020-12-15 13:12:52','2020-12-15 13:12:52','제목_2','내용_10',2,1,0),
(279,'2020-12-15 13:12:52','2020-12-15 13:12:52','제목_4','내용_8',1,2,0),
(280,'2020-12-15 13:12:52','2020-12-15 13:12:52','제목_6','내용_10',1,2,0),
(281,'2020-12-15 13:12:52','2020-12-15 13:12:52','제목_1','내용_5',2,1,0),
(282,'2020-12-15 13:12:52','2020-12-15 13:12:52','제목_10','내용_4',1,2,0),
(283,'2020-12-15 13:12:52','2020-12-15 13:12:52','제목_2','내용_2',1,2,0),
(284,'2020-12-15 13:12:52','2020-12-15 13:12:52','제목_9','내용_2',2,1,0),
(285,'2020-12-15 13:12:52','2020-12-15 13:12:52','제목_1','내용_9',1,2,0),
(286,'2020-12-15 13:12:52','2020-12-15 13:12:52','제목_9','내용_2',2,2,0),
(287,'2020-12-15 13:12:52','2020-12-15 13:12:52','제목_9','내용_8',2,2,0),
(288,'2020-12-15 13:12:52','2020-12-15 13:12:52','제목_7','내용_2',2,2,0),
(289,'2020-12-15 13:12:52','2020-12-15 13:12:52','제목_2','내용_4',2,1,0),
(290,'2020-12-15 13:12:52','2020-12-15 13:12:52','제목_9','내용_8',2,1,0),
(291,'2020-12-15 13:12:52','2020-12-15 13:12:52','제목_1','내용_6',2,1,0),
(292,'2020-12-15 13:12:52','2020-12-15 13:12:52','제목_10','내용_8',1,2,0),
(293,'2020-12-15 13:12:52','2020-12-15 13:12:52','제목_3','내용_9',2,1,0),
(294,'2020-12-15 13:12:52','2020-12-15 13:12:52','제목_3','내용_3',1,2,0),
(295,'2020-12-15 13:12:52','2020-12-15 13:12:52','제목_2','내용_8',2,1,0),
(296,'2020-12-15 13:12:52','2020-12-15 13:12:52','제목_1','내용_6',2,1,0),
(297,'2020-12-15 13:12:52','2020-12-15 13:12:52','제목_4','내용_6',1,2,0),
(298,'2020-12-15 13:12:52','2020-12-15 13:12:52','제목_10','내용_8',2,2,0),
(299,'2020-12-15 13:12:52','2020-12-15 13:12:52','제목_2','내용_10',2,2,0),
(300,'2020-12-15 13:12:52','2020-12-15 13:12:52','제목_6','내용_6',2,2,0),
(301,'2020-12-15 13:12:52','2020-12-15 13:12:52','제목_1','내용_5',1,2,0),
(302,'2020-12-15 13:12:52','2020-12-15 13:12:52','제목_5','내용_2',1,1,0),
(303,'2020-12-15 13:12:52','2020-12-15 13:12:52','제목_6','내용_9',1,1,0),
(304,'2020-12-15 13:12:52','2020-12-15 13:12:52','제목_9','내용_7',1,1,0),
(305,'2020-12-15 13:12:52','2020-12-15 13:12:52','제목_10','내용_1',2,1,0),
(306,'2020-12-15 13:12:52','2020-12-15 13:12:52','제목_9','내용_2',2,2,0),
(307,'2020-12-15 13:12:52','2020-12-15 13:12:52','제목_2','내용_10',2,2,0),
(308,'2020-12-15 13:12:52','2020-12-15 13:12:52','제목_9','내용_1',1,1,0),
(309,'2020-12-15 13:12:52','2020-12-15 13:12:52','제목_2','내용_9',1,1,0),
(310,'2020-12-15 13:12:52','2020-12-15 13:12:52','제목_10','내용_10',1,2,0),
(311,'2020-12-15 13:12:52','2020-12-15 13:12:52','제목_5','내용_10',2,1,0),
(312,'2020-12-15 13:12:52','2020-12-15 13:12:52','제목_4','내용_3',2,1,0),
(313,'2020-12-15 13:12:52','2020-12-15 13:12:52','제목_3','내용_4',1,1,0),
(314,'2020-12-15 13:12:52','2020-12-15 13:12:52','제목_9','내용_9',1,2,0),
(315,'2020-12-15 13:12:52','2020-12-15 13:12:52','제목_4','내용_2',2,1,0),
(316,'2020-12-15 13:12:52','2020-12-15 13:12:52','제목_10','내용_1',2,2,0),
(317,'2020-12-15 13:12:52','2020-12-15 13:12:52','제목_9','내용_5',1,2,0),
(318,'2020-12-15 13:12:52','2020-12-15 13:12:52','제목_6','내용_5',1,2,0),
(319,'2020-12-15 13:12:52','2020-12-15 13:12:52','제목_3','내용_6',1,1,0),
(320,'2020-12-15 13:12:52','2020-12-15 13:12:52','제목_5','내용_7',1,1,0),
(321,'2020-12-15 13:12:52','2020-12-15 13:12:52','제목_9','내용_9',1,2,0),
(322,'2020-12-15 13:12:52','2020-12-15 13:12:52','제목_3','내용_2',1,1,0),
(323,'2020-12-15 13:12:52','2020-12-15 13:12:52','제목_3','내용_7',1,2,0),
(324,'2020-12-15 13:12:52','2020-12-15 13:12:52','제목_6','내용_9',1,1,0),
(325,'2020-12-15 13:12:52','2020-12-15 13:12:52','제목_10','내용_3',2,1,0),
(326,'2020-12-15 13:12:52','2020-12-15 13:12:52','제목_8','내용_7',1,2,0),
(327,'2020-12-15 13:12:52','2020-12-15 13:12:52','제목_10','내용_5',2,2,0),
(328,'2020-12-15 13:12:52','2020-12-15 13:12:52','제목_1','내용_2',2,1,0),
(329,'2020-12-15 13:12:52','2020-12-15 13:12:52','제목_5','내용_6',1,2,0),
(330,'2020-12-15 13:12:52','2020-12-15 13:12:52','제목_1','내용_10',1,1,0),
(331,'2020-12-15 13:12:52','2020-12-15 13:12:52','제목_3','내용_4',2,1,0),
(332,'2020-12-15 13:12:52','2020-12-15 13:12:52','제목_10','내용_7',2,2,0),
(333,'2020-12-15 13:12:52','2020-12-15 13:12:52','제목_3','내용_2',2,1,0),
(334,'2020-12-15 13:12:52','2020-12-15 13:12:52','제목_7','내용_10',1,2,0),
(335,'2020-12-15 13:12:52','2020-12-15 13:12:52','제목_9','내용_5',1,2,0),
(336,'2020-12-15 13:12:52','2020-12-15 13:12:52','제목_8','내용_5',2,2,0),
(337,'2020-12-15 13:12:52','2020-12-15 13:12:52','제목_1','내용_3',2,1,0),
(338,'2020-12-15 13:12:52','2020-12-15 13:12:52','제목_3','내용_8',2,2,0),
(339,'2020-12-15 13:12:52','2020-12-15 13:12:52','제목_4','내용_6',1,1,0),
(340,'2020-12-15 13:12:52','2020-12-15 13:12:52','제목_8','내용_10',2,1,0),
(341,'2020-12-15 13:12:52','2020-12-15 13:12:52','제목_9','내용_6',2,1,0),
(342,'2020-12-15 13:12:52','2020-12-15 13:12:52','제목_3','내용_10',1,1,0),
(343,'2020-12-15 13:12:52','2020-12-15 13:12:52','제목_10','내용_8',1,1,0),
(344,'2020-12-15 13:12:52','2020-12-15 13:12:52','제목_6','내용_8',2,2,0),
(345,'2020-12-15 13:12:52','2020-12-15 13:12:52','제목_4','내용_9',1,2,0),
(346,'2020-12-15 13:12:52','2020-12-15 13:12:52','제목_7','내용_6',1,1,0),
(347,'2020-12-15 13:12:52','2020-12-15 13:12:52','제목_5','내용_5',2,1,0),
(348,'2020-12-15 13:12:52','2020-12-15 13:12:52','제목_5','내용_2',2,2,0),
(349,'2020-12-15 13:12:52','2020-12-15 13:12:52','제목_10','내용_1',2,1,0),
(350,'2020-12-15 13:12:52','2020-12-15 13:12:52','제목_10','내용_3',1,1,0),
(351,'2020-12-15 13:12:52','2020-12-15 13:12:52','제목_3','내용_2',2,1,0),
(352,'2020-12-15 13:12:52','2020-12-15 13:12:52','제목_7','내용_3',2,1,0),
(353,'2020-12-15 13:12:52','2020-12-15 13:12:52','제목_8','내용_9',1,2,0),
(354,'2020-12-15 13:12:52','2020-12-15 13:12:52','제목_10','내용_2',1,2,0),
(355,'2020-12-15 13:12:52','2020-12-15 13:12:52','제목_8','내용_6',2,1,0),
(356,'2020-12-15 13:12:52','2020-12-15 13:12:52','제목_7','내용_4',2,1,0),
(357,'2020-12-15 13:12:52','2020-12-15 13:12:52','제목_8','내용_10',1,1,0),
(358,'2020-12-15 13:12:52','2020-12-15 13:12:52','제목_4','내용_5',2,1,0),
(359,'2020-12-15 13:12:52','2020-12-15 13:12:52','제목_1','내용_10',1,1,0),
(360,'2020-12-15 13:12:52','2020-12-15 13:12:52','제목_3','내용_6',1,1,0),
(361,'2020-12-15 13:12:52','2020-12-15 13:12:52','제목_6','내용_3',1,1,0),
(362,'2020-12-15 13:12:52','2020-12-15 13:12:52','제목_10','내용_3',2,2,0),
(363,'2020-12-15 13:12:52','2020-12-15 13:12:52','제목_10','내용_4',2,1,0),
(364,'2020-12-15 13:12:52','2020-12-15 13:12:52','제목_4','내용_4',1,2,0),
(365,'2020-12-15 13:12:52','2020-12-15 13:12:52','제목_9','내용_9',2,2,0),
(366,'2020-12-15 13:12:52','2020-12-15 13:12:52','제목_9','내용_1',1,2,0),
(367,'2020-12-15 13:12:52','2020-12-15 13:12:52','제목_3','내용_4',2,2,0),
(368,'2020-12-15 13:12:52','2020-12-15 13:12:52','제목_2','내용_2',2,1,0),
(369,'2020-12-15 13:12:52','2020-12-15 13:12:52','제목_2','내용_3',1,2,0),
(370,'2020-12-15 13:12:52','2020-12-15 13:12:52','제목_9','내용_4',2,1,0),
(371,'2020-12-15 13:12:52','2020-12-15 13:12:52','제목_1','내용_3',2,1,0),
(372,'2020-12-15 13:12:52','2020-12-15 13:12:52','제목_1','내용_6',2,1,0),
(373,'2020-12-15 13:12:52','2020-12-15 13:12:52','제목_1','내용_4',1,1,0),
(374,'2020-12-15 13:12:52','2020-12-15 13:12:52','제목_2','내용_4',1,2,0),
(375,'2020-12-15 13:12:52','2020-12-15 13:12:52','제목_7','내용_8',1,1,0),
(376,'2020-12-15 13:12:52','2020-12-15 13:12:52','제목_2','내용_8',2,2,0),
(377,'2020-12-15 13:12:52','2020-12-15 13:12:52','제목_7','내용_6',1,2,0),
(378,'2020-12-15 13:12:52','2020-12-15 13:12:52','제목_7','내용_9',2,1,0),
(379,'2020-12-15 13:12:52','2020-12-15 13:12:52','제목_3','내용_10',1,1,0),
(380,'2020-12-15 13:12:52','2020-12-15 13:12:52','제목_3','내용_7',2,1,0),
(381,'2020-12-15 13:12:52','2020-12-15 13:12:52','제목_10','내용_2',1,2,0),
(382,'2020-12-15 13:12:52','2020-12-15 13:12:52','제목_10','내용_2',2,2,0),
(383,'2020-12-15 13:12:52','2020-12-15 13:12:52','제목_2','내용_5',1,2,0),
(384,'2020-12-15 13:12:52','2020-12-15 13:12:52','제목_5','내용_3',2,2,0),
(385,'2020-12-15 13:12:52','2020-12-15 13:12:52','제목_1','내용_7',1,1,0),
(386,'2020-12-15 13:12:52','2020-12-15 13:12:52','제목_6','내용_3',2,2,0),
(387,'2020-12-15 13:12:52','2020-12-15 13:12:52','제목_3','내용_3',2,1,0),
(388,'2020-12-15 13:12:52','2020-12-15 13:12:52','제목_2','내용_7',1,1,0),
(389,'2020-12-15 13:12:52','2020-12-15 13:12:52','제목_10','내용_3',2,1,0),
(390,'2020-12-15 13:12:52','2020-12-15 13:12:52','제목_5','내용_4',1,1,0),
(391,'2020-12-15 13:12:52','2020-12-15 13:12:52','제목_8','내용_1',1,1,0),
(392,'2020-12-15 13:12:52','2020-12-15 13:12:52','제목_1','내용_9',2,1,0),
(393,'2020-12-15 13:12:52','2020-12-15 13:12:52','제목_7','내용_2',1,1,0),
(394,'2020-12-15 13:12:52','2020-12-15 13:12:52','제목_4','내용_1',2,2,0),
(395,'2020-12-15 13:12:52','2020-12-15 13:12:52','제목_8','내용_4',1,1,0),
(396,'2020-12-15 13:12:52','2020-12-15 13:12:52','제목_9','내용_6',1,2,0),
(397,'2020-12-15 13:12:52','2020-12-15 13:12:52','제목_4','내용_9',2,2,0),
(398,'2020-12-15 13:12:52','2020-12-15 13:12:52','제목_8','내용_6',1,2,0),
(399,'2020-12-15 13:12:52','2020-12-15 13:12:52','제목_8','내용_8',1,2,0),
(400,'2020-12-15 13:12:52','2020-12-15 13:12:52','제목_4','내용_4',1,1,0),
(401,'2020-12-15 13:12:52','2020-12-15 13:12:52','제목_5','내용_3',2,2,0),
(402,'2020-12-15 13:12:52','2020-12-15 13:12:52','제목_3','내용_9',2,1,0),
(403,'2020-12-15 13:12:52','2020-12-15 13:12:52','제목_4','내용_3',2,1,0),
(404,'2020-12-15 13:12:52','2020-12-15 13:12:52','제목_6','내용_7',2,2,0),
(405,'2020-12-15 13:12:52','2020-12-15 13:12:52','제목_4','내용_5',2,1,0),
(406,'2020-12-15 13:12:52','2020-12-15 13:12:52','제목_9','내용_3',2,1,0),
(407,'2020-12-15 13:12:52','2020-12-15 13:12:52','제목_9','내용_4',2,2,0),
(408,'2020-12-15 13:12:52','2020-12-15 13:12:52','제목_3','내용_8',1,1,0),
(409,'2020-12-15 13:12:52','2020-12-15 13:12:52','제목_3','내용_6',1,1,0),
(410,'2020-12-15 13:12:52','2020-12-15 13:12:52','제목_7','내용_5',2,2,0),
(411,'2020-12-15 13:12:52','2020-12-15 13:12:52','제목_6','내용_6',2,1,0),
(412,'2020-12-15 13:12:52','2020-12-15 13:12:52','제목_1','내용_4',2,2,0),
(413,'2020-12-15 13:12:52','2020-12-15 13:12:52','제목_8','내용_6',2,1,0),
(414,'2020-12-15 13:12:52','2020-12-15 13:12:52','제목_10','내용_7',2,2,0),
(415,'2020-12-15 13:12:52','2020-12-15 13:12:52','제목_4','내용_9',1,2,0),
(416,'2020-12-15 13:12:52','2020-12-15 13:12:52','제목_3','내용_9',1,2,0),
(417,'2020-12-15 13:12:52','2020-12-15 13:12:52','제목_8','내용_8',2,1,0),
(418,'2020-12-15 13:12:52','2020-12-15 13:12:52','제목_6','내용_7',2,2,0),
(419,'2020-12-15 13:12:52','2020-12-15 13:12:52','제목_8','내용_4',1,1,0),
(420,'2020-12-15 13:12:52','2020-12-15 13:12:52','제목_5','내용_7',1,1,0),
(421,'2020-12-15 13:12:52','2020-12-15 13:12:52','제목_3','내용_2',2,1,0),
(422,'2020-12-15 13:12:52','2020-12-15 13:12:52','제목_6','내용_8',2,2,0),
(423,'2020-12-15 13:12:52','2020-12-15 13:12:52','제목_8','내용_6',1,2,0),
(424,'2020-12-15 13:12:52','2020-12-15 13:12:52','제목_5','내용_5',2,1,0),
(425,'2020-12-15 13:12:52','2020-12-15 13:12:52','제목_5','내용_6',2,2,0),
(426,'2020-12-15 13:12:52','2020-12-15 13:12:52','제목_2','내용_1',1,2,0),
(427,'2020-12-15 13:12:52','2020-12-15 13:12:52','제목_6','내용_7',1,2,0),
(428,'2020-12-15 13:12:52','2020-12-15 13:12:52','제목_3','내용_10',1,2,0),
(429,'2020-12-15 13:12:52','2020-12-15 13:12:52','제목_9','내용_7',1,1,0),
(430,'2020-12-15 13:12:52','2020-12-15 13:12:52','제목_8','내용_10',1,1,0),
(431,'2020-12-15 13:12:52','2020-12-15 13:12:52','제목_3','내용_10',2,2,0),
(432,'2020-12-15 13:12:52','2020-12-15 13:12:52','제목_9','내용_3',2,1,0),
(433,'2020-12-15 13:12:52','2020-12-15 13:12:52','제목_8','내용_1',1,1,0),
(434,'2020-12-15 13:12:52','2020-12-15 13:12:52','제목_8','내용_2',1,2,0),
(435,'2020-12-15 13:12:52','2020-12-15 13:12:52','제목_2','내용_5',1,1,0),
(436,'2020-12-15 13:12:52','2020-12-15 13:12:52','제목_6','내용_1',1,1,0),
(437,'2020-12-15 13:12:52','2020-12-15 13:12:52','제목_3','내용_10',2,2,0),
(438,'2020-12-15 13:12:52','2020-12-15 13:12:52','제목_4','내용_9',2,1,0),
(439,'2020-12-15 13:12:52','2020-12-15 13:12:52','제목_4','내용_10',1,2,0),
(440,'2020-12-15 13:12:52','2020-12-15 13:12:52','제목_9','내용_2',2,1,0),
(441,'2020-12-15 13:12:52','2020-12-15 13:12:52','제목_9','내용_3',1,2,0),
(442,'2020-12-15 13:12:52','2020-12-15 13:12:52','제목_9','내용_1',1,2,0),
(443,'2020-12-15 13:12:52','2020-12-15 13:12:52','제목_5','내용_8',2,2,0),
(444,'2020-12-15 13:12:52','2020-12-15 13:12:52','제목_4','내용_7',2,2,0),
(445,'2020-12-15 13:12:52','2020-12-15 13:12:52','제목_8','내용_7',1,2,0),
(446,'2020-12-15 13:12:52','2020-12-15 13:12:52','제목_7','내용_5',2,2,0),
(447,'2020-12-15 13:12:52','2020-12-15 13:12:52','제목_6','내용_8',2,2,0),
(448,'2020-12-15 13:12:52','2020-12-15 13:12:52','제목_5','내용_9',2,2,0),
(449,'2020-12-15 13:12:52','2020-12-15 13:12:52','제목_10','내용_7',1,1,0),
(450,'2020-12-15 13:12:52','2020-12-15 13:12:52','제목_7','내용_4',1,1,0),
(451,'2020-12-15 13:12:52','2020-12-15 13:12:52','제목_10','내용_1',1,2,0),
(452,'2020-12-15 13:12:52','2020-12-15 13:12:52','제목_5','내용_3',1,1,0),
(453,'2020-12-15 13:12:52','2020-12-15 13:12:52','제목_2','내용_9',1,1,0),
(454,'2020-12-15 13:12:52','2020-12-15 13:12:52','제목_6','내용_8',2,1,0),
(455,'2020-12-15 13:12:52','2020-12-15 13:12:52','제목_1','내용_4',1,2,0),
(456,'2020-12-15 13:12:52','2020-12-15 13:12:52','제목_6','내용_7',1,2,0),
(457,'2020-12-15 13:12:52','2020-12-15 13:12:52','제목_4','내용_9',2,2,0),
(458,'2020-12-15 13:12:52','2020-12-15 13:12:52','제목_10','내용_5',2,2,0),
(459,'2020-12-15 13:12:52','2020-12-15 13:12:52','제목_2','내용_2',2,2,0),
(460,'2020-12-15 13:12:52','2020-12-15 13:12:52','제목_6','내용_4',2,1,0),
(461,'2020-12-15 13:12:52','2020-12-15 13:12:52','제목_8','내용_10',1,1,0),
(462,'2020-12-15 13:12:52','2020-12-15 13:12:52','제목_5','내용_8',2,1,0),
(463,'2020-12-15 13:12:52','2020-12-15 13:12:52','제목_7','내용_10',1,1,0),
(464,'2020-12-15 13:12:52','2020-12-15 13:12:52','제목_3','내용_6',2,2,0),
(465,'2020-12-15 13:12:52','2020-12-15 13:12:52','제목_7','내용_4',1,2,0),
(466,'2020-12-15 13:12:52','2020-12-15 13:12:52','제목_8','내용_2',2,1,0),
(467,'2020-12-15 13:12:52','2020-12-15 13:12:52','제목_6','내용_7',2,1,0),
(468,'2020-12-15 13:12:52','2020-12-15 13:12:52','제목_4','내용_4',2,2,0),
(469,'2020-12-15 13:12:52','2020-12-15 13:12:52','제목_9','내용_2',2,1,0),
(470,'2020-12-15 13:12:52','2020-12-15 13:12:52','제목_4','내용_4',1,2,0),
(471,'2020-12-15 13:12:52','2020-12-15 13:12:52','제목_4','내용_1',2,1,0),
(472,'2020-12-15 13:12:52','2020-12-15 13:12:52','제목_5','내용_6',2,2,0),
(473,'2020-12-15 13:12:52','2020-12-15 13:12:52','제목_1','내용_1',2,1,0),
(474,'2020-12-15 13:12:52','2020-12-15 13:12:52','제목_8','내용_3',1,1,0),
(475,'2020-12-15 13:12:52','2020-12-15 13:12:52','제목_8','내용_5',2,2,0),
(476,'2020-12-15 13:12:52','2020-12-15 13:12:52','제목_3','내용_2',1,2,0),
(477,'2020-12-15 13:12:52','2020-12-15 13:12:52','제목_8','내용_4',1,1,0),
(478,'2020-12-15 13:12:52','2020-12-15 13:12:52','제목_6','내용_3',1,2,0),
(479,'2020-12-15 13:12:52','2020-12-15 13:12:52','제목_9','내용_6',2,1,0),
(480,'2020-12-15 13:12:52','2020-12-15 13:12:52','제목_10','내용_1',2,1,0),
(481,'2020-12-15 13:12:52','2020-12-15 13:12:52','제목_9','내용_4',1,1,0),
(482,'2020-12-15 13:12:52','2020-12-15 13:12:52','제목_10','내용_4',1,2,0),
(483,'2020-12-15 13:12:52','2020-12-15 13:12:52','제목_5','내용_6',2,1,0),
(484,'2020-12-15 13:12:52','2020-12-15 13:12:52','제목_7','내용_4',1,2,0),
(485,'2020-12-15 13:12:52','2020-12-15 13:12:52','제목_7','내용_5',1,1,0),
(486,'2020-12-15 13:12:52','2020-12-15 13:12:52','제목_9','내용_6',2,2,0),
(487,'2020-12-15 13:12:52','2020-12-15 13:12:52','제목_1','내용_9',2,1,0),
(488,'2020-12-15 13:12:52','2020-12-15 13:12:52','제목_2','내용_1',2,2,0),
(489,'2020-12-15 13:12:52','2020-12-15 13:12:52','제목_1','내용_1',1,1,0),
(490,'2020-12-15 13:12:52','2020-12-15 13:12:52','제목_4','내용_1',2,1,0),
(491,'2020-12-15 13:12:52','2020-12-15 13:12:52','제목_9','내용_7',1,2,0),
(492,'2020-12-15 13:12:52','2020-12-15 13:12:52','제목_10','내용_5',2,1,0),
(493,'2020-12-15 13:12:52','2020-12-15 13:12:52','제목_2','내용_8',2,1,0),
(494,'2020-12-15 13:12:52','2020-12-15 13:12:52','제목_9','내용_3',1,1,0),
(495,'2020-12-15 13:12:52','2020-12-15 13:12:52','제목_7','내용_8',1,2,0),
(496,'2020-12-15 13:12:52','2020-12-15 13:12:52','제목_8','내용_3',1,2,0),
(497,'2020-12-15 13:12:52','2020-12-15 13:12:52','제목_5','내용_3',1,2,0),
(498,'2020-12-15 13:12:52','2020-12-15 13:12:52','제목_6','내용_3',1,2,0),
(499,'2020-12-15 13:12:52','2020-12-15 13:12:52','제목_8','내용_10',2,2,0),
(500,'2020-12-15 13:12:52','2020-12-15 13:12:52','제목_10','내용_6',1,1,0),
(501,'2020-12-15 13:12:52','2020-12-15 13:12:52','제목_3','내용_5',1,2,0),
(502,'2020-12-15 13:12:52','2020-12-15 13:12:52','제목_6','내용_3',1,2,0),
(503,'2020-12-15 13:12:52','2020-12-15 13:12:52','제목_7','내용_10',1,2,0),
(504,'2020-12-15 13:12:52','2020-12-15 13:12:52','제목_8','내용_3',2,2,0),
(505,'2020-12-15 13:12:52','2020-12-15 13:12:52','제목_8','내용_8',1,1,0),
(506,'2020-12-15 13:12:52','2020-12-15 13:12:52','제목_10','내용_10',2,2,0),
(507,'2020-12-15 13:12:52','2020-12-15 13:12:52','제목_9','내용_1',1,2,0),
(508,'2020-12-15 13:12:52','2020-12-15 13:12:52','제목_8','내용_1',2,1,0),
(509,'2020-12-15 13:12:52','2020-12-15 13:12:52','제목_5','내용_8',2,1,0),
(510,'2020-12-15 13:12:52','2020-12-15 13:12:52','제목_6','내용_2',1,1,0),
(511,'2020-12-15 13:12:52','2020-12-15 13:12:52','제목_7','내용_7',1,2,0),
(512,'2020-12-15 13:12:52','2020-12-15 13:12:52','제목_5','내용_10',2,1,0),
(513,'2020-12-15 13:12:52','2020-12-15 13:12:52','제목_10','내용_4',1,1,0),
(514,'2020-12-15 13:12:52','2020-12-15 13:12:52','제목_4','내용_7',1,1,0),
(515,'2020-12-15 13:12:52','2020-12-15 13:12:52','제목_4','내용_1',2,2,0),
(516,'2020-12-15 13:12:52','2020-12-15 13:12:52','제목_8','내용_4',1,1,0),
(517,'2020-12-15 13:12:52','2020-12-15 13:12:52','제목_5','내용_1',1,2,0),
(518,'2020-12-15 13:12:52','2020-12-15 13:12:52','제목_4','내용_9',2,2,0),
(519,'2020-12-15 13:12:52','2020-12-15 13:12:52','제목_4','내용_7',2,1,0),
(520,'2020-12-15 13:12:52','2020-12-15 13:12:52','제목_4','내용_8',1,2,0),
(521,'2020-12-15 13:12:52','2020-12-15 13:12:52','제목_6','내용_5',1,1,0),
(522,'2020-12-15 13:12:52','2020-12-15 13:12:52','제목_3','내용_5',1,2,0),
(523,'2020-12-15 13:12:52','2020-12-15 13:12:52','제목_1','내용_9',2,2,0),
(524,'2020-12-15 13:12:52','2020-12-15 13:12:52','제목_4','내용_8',2,2,0),
(525,'2020-12-15 13:12:52','2020-12-15 13:12:52','제목_8','내용_9',2,1,0),
(526,'2020-12-15 13:12:52','2020-12-15 13:12:52','제목_1','내용_7',2,1,0),
(527,'2020-12-15 13:12:52','2020-12-15 13:12:52','제목_7','내용_10',2,1,0),
(528,'2020-12-15 13:12:52','2020-12-15 13:12:52','제목_4','내용_3',1,1,0),
(529,'2020-12-15 13:12:52','2020-12-15 13:12:52','제목_2','내용_6',2,2,0),
(530,'2020-12-15 13:12:52','2020-12-15 13:12:52','제목_2','내용_4',2,2,0),
(531,'2020-12-15 13:12:52','2020-12-15 13:12:52','제목_10','내용_5',2,1,0),
(532,'2020-12-15 13:12:52','2020-12-15 13:12:52','제목_9','내용_4',2,2,0),
(533,'2020-12-15 13:12:53','2020-12-15 13:12:53','제목_8','내용_7',1,1,0),
(534,'2020-12-15 13:12:53','2020-12-15 13:12:53','제목_2','내용_3',1,1,0),
(535,'2020-12-15 13:12:53','2020-12-15 13:12:53','제목_4','내용_8',1,2,0),
(536,'2020-12-15 13:12:53','2020-12-15 13:12:53','제목_2','내용_3',1,2,0),
(537,'2020-12-15 13:12:53','2020-12-15 13:12:53','제목_7','내용_9',2,1,0),
(538,'2020-12-15 13:12:53','2020-12-15 13:12:53','제목_2','내용_7',1,1,0),
(539,'2020-12-15 13:12:53','2020-12-15 13:12:53','제목_2','내용_8',2,1,0),
(540,'2020-12-15 13:12:53','2020-12-15 13:12:53','제목_2','내용_7',2,2,0),
(541,'2020-12-15 13:12:53','2020-12-15 13:12:53','제목_5','내용_1',2,2,0),
(542,'2020-12-15 13:12:53','2020-12-15 13:12:53','제목_4','내용_7',2,2,0),
(543,'2020-12-15 13:12:53','2020-12-15 13:12:53','제목_5','내용_5',2,2,0),
(544,'2020-12-15 13:12:53','2020-12-15 13:12:53','제목_2','내용_6',2,2,0),
(545,'2020-12-15 13:12:53','2020-12-15 13:12:53','제목_2','내용_4',2,1,0),
(546,'2020-12-15 13:12:53','2020-12-15 13:12:53','제목_1','내용_5',2,2,0),
(547,'2020-12-15 13:12:53','2020-12-15 13:12:53','제목_9','내용_2',2,2,0),
(548,'2020-12-15 13:12:53','2020-12-15 13:12:53','제목_7','내용_10',1,1,0),
(549,'2020-12-15 13:12:53','2020-12-15 13:12:53','제목_4','내용_6',1,1,0),
(550,'2020-12-15 13:12:53','2020-12-15 13:12:53','제목_6','내용_2',2,1,0),
(551,'2020-12-15 13:12:53','2020-12-15 13:12:53','제목_6','내용_7',1,1,0),
(552,'2020-12-15 13:12:53','2020-12-15 13:12:53','제목_8','내용_1',1,1,0),
(553,'2020-12-15 13:12:53','2020-12-15 13:12:53','제목_7','내용_10',1,1,0),
(554,'2020-12-15 13:12:53','2020-12-15 13:12:53','제목_3','내용_7',1,1,0),
(555,'2020-12-15 13:12:53','2020-12-15 13:12:53','제목_2','내용_3',2,1,0),
(556,'2020-12-15 13:12:53','2020-12-15 13:12:53','제목_8','내용_1',2,1,0),
(557,'2020-12-15 13:12:53','2020-12-15 13:12:53','제목_4','내용_6',1,1,0),
(558,'2020-12-15 13:12:53','2020-12-15 13:12:53','제목_10','내용_5',1,2,0),
(559,'2020-12-15 13:12:53','2020-12-15 13:12:53','제목_7','내용_1',2,2,0),
(560,'2020-12-15 13:12:53','2020-12-15 13:12:53','제목_8','내용_6',1,2,0),
(561,'2020-12-15 13:12:53','2020-12-15 13:12:53','제목_4','내용_5',2,2,0),
(562,'2020-12-15 13:12:53','2020-12-15 13:12:53','제목_5','내용_7',2,1,0),
(563,'2020-12-15 13:12:53','2020-12-15 13:12:53','제목_6','내용_3',1,1,0),
(564,'2020-12-15 13:12:53','2020-12-15 13:12:53','제목_7','내용_3',2,2,0),
(565,'2020-12-15 13:12:53','2020-12-15 13:12:53','제목_2','내용_4',2,1,0),
(566,'2020-12-15 13:12:53','2020-12-15 13:12:53','제목_7','내용_10',2,2,0),
(567,'2020-12-15 13:12:53','2020-12-15 13:12:53','제목_3','내용_10',2,2,0),
(568,'2020-12-15 13:12:53','2020-12-15 13:12:53','제목_2','내용_5',2,2,0),
(569,'2020-12-15 13:12:53','2020-12-15 13:12:53','제목_5','내용_7',2,1,0),
(570,'2020-12-15 13:12:53','2020-12-15 13:12:53','제목_3','내용_10',1,2,0),
(571,'2020-12-15 13:12:53','2020-12-15 13:12:53','제목_10','내용_5',1,2,0),
(572,'2020-12-15 13:12:53','2020-12-15 13:12:53','제목_7','내용_8',1,2,0),
(573,'2020-12-15 13:12:53','2020-12-15 13:12:53','제목_3','내용_9',1,2,0),
(574,'2020-12-15 13:12:53','2020-12-15 13:12:53','제목_2','내용_4',2,2,0),
(575,'2020-12-15 13:12:53','2020-12-15 13:12:53','제목_6','내용_10',2,2,0),
(576,'2020-12-15 13:12:53','2020-12-15 13:12:53','제목_7','내용_1',2,2,0),
(577,'2020-12-15 13:12:53','2020-12-15 13:12:53','제목_2','내용_6',2,2,0),
(578,'2020-12-15 13:12:53','2020-12-15 13:12:53','제목_9','내용_7',1,2,0),
(579,'2020-12-15 13:12:53','2020-12-15 13:12:53','제목_2','내용_5',1,1,0),
(580,'2020-12-15 13:12:53','2020-12-15 13:12:53','제목_5','내용_1',1,1,0),
(581,'2020-12-15 13:12:53','2020-12-15 13:12:53','제목_3','내용_3',2,1,0),
(582,'2020-12-15 13:12:53','2020-12-15 13:12:53','제목_7','내용_5',2,1,0),
(583,'2020-12-15 13:12:53','2020-12-15 13:12:53','제목_1','내용_2',1,2,0),
(584,'2020-12-15 13:12:53','2020-12-15 13:12:53','제목_2','내용_6',2,1,0),
(585,'2020-12-15 13:12:53','2020-12-15 13:12:53','제목_1','내용_5',2,2,0),
(586,'2020-12-15 13:12:53','2020-12-15 13:12:53','제목_3','내용_3',2,1,0),
(587,'2020-12-15 13:12:53','2020-12-15 13:12:53','제목_7','내용_3',1,1,0),
(588,'2020-12-15 13:12:53','2020-12-15 13:12:53','제목_10','내용_9',1,1,0),
(589,'2020-12-15 13:12:53','2020-12-15 13:12:53','제목_4','내용_9',2,1,0),
(590,'2020-12-15 13:12:53','2020-12-15 13:12:53','제목_1','내용_6',1,2,0),
(591,'2020-12-15 13:12:53','2020-12-15 13:12:53','제목_10','내용_8',1,1,0),
(592,'2020-12-15 13:12:53','2020-12-15 13:12:53','제목_5','내용_1',1,2,0),
(593,'2020-12-15 13:12:53','2020-12-15 13:12:53','제목_10','내용_10',1,2,0),
(594,'2020-12-15 13:12:53','2020-12-15 13:12:53','제목_9','내용_2',2,1,0),
(595,'2020-12-15 13:12:53','2020-12-15 13:12:53','제목_10','내용_7',1,2,0),
(596,'2020-12-15 13:12:53','2020-12-15 13:12:53','제목_4','내용_10',1,2,0),
(597,'2020-12-15 13:12:53','2020-12-15 13:12:53','제목_10','내용_7',1,2,0),
(598,'2020-12-15 13:12:53','2020-12-15 13:12:53','제목_10','내용_4',1,1,0),
(599,'2020-12-15 13:12:53','2020-12-15 13:12:53','제목_5','내용_2',2,1,0),
(600,'2020-12-15 13:12:53','2020-12-15 13:12:53','제목_2','내용_8',2,1,0),
(601,'2020-12-15 13:12:53','2020-12-15 13:12:53','제목_5','내용_1',1,1,0),
(602,'2020-12-15 13:12:53','2020-12-15 13:12:53','제목_5','내용_4',2,1,0),
(603,'2020-12-15 13:12:53','2020-12-15 13:12:53','제목_1','내용_7',1,2,0),
(604,'2020-12-15 13:12:53','2020-12-15 13:12:53','제목_9','내용_6',2,1,0),
(605,'2020-12-15 13:12:53','2020-12-15 13:12:53','제목_8','내용_6',1,1,0),
(606,'2020-12-15 13:12:53','2020-12-15 13:12:53','제목_2','내용_4',2,2,0),
(607,'2020-12-15 13:12:53','2020-12-15 13:12:53','제목_6','내용_3',1,2,0),
(608,'2020-12-15 13:12:53','2020-12-15 13:12:53','제목_9','내용_1',1,1,0),
(609,'2020-12-15 13:12:53','2020-12-15 13:12:53','제목_1','내용_5',1,2,0),
(610,'2020-12-15 13:12:53','2020-12-15 13:12:53','제목_5','내용_9',1,2,0),
(611,'2020-12-15 13:12:53','2020-12-15 13:12:53','제목_8','내용_6',1,2,0),
(612,'2020-12-15 13:12:53','2020-12-15 13:12:53','제목_9','내용_1',1,2,0),
(613,'2020-12-15 13:12:53','2020-12-15 13:12:53','제목_5','내용_2',1,1,0),
(614,'2020-12-15 13:12:53','2020-12-15 13:12:53','제목_7','내용_6',1,1,0),
(615,'2020-12-15 13:12:53','2020-12-15 13:12:53','제목_7','내용_1',2,1,0),
(616,'2020-12-15 13:12:53','2020-12-15 13:12:53','제목_5','내용_5',1,2,0),
(617,'2020-12-15 13:12:53','2020-12-15 13:12:53','제목_5','내용_5',1,1,0),
(618,'2020-12-15 13:12:53','2020-12-15 13:12:53','제목_4','내용_4',1,1,0),
(619,'2020-12-15 13:12:53','2020-12-15 13:12:53','제목_9','내용_4',2,2,0),
(620,'2020-12-15 13:12:53','2020-12-15 13:12:53','제목_7','내용_7',2,1,0),
(621,'2020-12-15 13:12:53','2020-12-15 13:12:53','제목_6','내용_2',2,1,0),
(622,'2020-12-15 13:12:53','2020-12-15 13:12:53','제목_5','내용_1',1,1,0),
(623,'2020-12-15 13:12:53','2020-12-15 13:12:53','제목_9','내용_7',1,2,0),
(624,'2020-12-15 13:12:53','2020-12-15 13:12:53','제목_8','내용_8',1,1,0),
(625,'2020-12-15 13:12:53','2020-12-15 13:12:53','제목_1','내용_2',2,1,0),
(626,'2020-12-15 13:12:53','2020-12-15 13:12:53','제목_3','내용_4',2,1,0),
(627,'2020-12-15 13:12:53','2020-12-15 13:12:53','제목_9','내용_5',1,2,0),
(628,'2020-12-15 13:12:53','2020-12-15 13:12:53','제목_8','내용_4',2,2,0),
(629,'2020-12-15 13:12:53','2020-12-15 13:12:53','제목_10','내용_9',2,2,0),
(630,'2020-12-15 13:12:53','2020-12-15 13:12:53','제목_9','내용_8',2,2,0),
(631,'2020-12-15 13:12:53','2020-12-15 13:12:53','제목_8','내용_6',2,1,0),
(632,'2020-12-15 13:12:53','2020-12-15 13:12:53','제목_7','내용_6',1,2,0),
(633,'2020-12-15 13:12:53','2020-12-15 13:12:53','제목_1','내용_2',1,1,0),
(634,'2020-12-15 13:12:53','2020-12-15 13:12:53','제목_9','내용_7',2,1,0),
(635,'2020-12-15 13:12:53','2020-12-15 13:12:53','제목_10','내용_6',1,1,0),
(636,'2020-12-15 13:12:53','2020-12-15 13:12:53','제목_6','내용_10',2,2,0),
(637,'2020-12-15 13:12:53','2020-12-15 13:12:53','제목_4','내용_9',2,1,0),
(638,'2020-12-15 13:12:53','2020-12-15 13:12:53','제목_7','내용_4',1,2,0),
(639,'2020-12-15 13:12:53','2020-12-15 13:12:53','제목_6','내용_2',2,2,0),
(640,'2020-12-15 13:12:53','2020-12-15 13:12:53','제목_8','내용_10',1,2,0),
(641,'2020-12-15 13:12:53','2020-12-15 13:12:53','제목_4','내용_3',2,2,0),
(642,'2020-12-15 13:12:53','2020-12-15 13:12:53','제목_7','내용_4',2,2,0),
(643,'2020-12-15 13:12:53','2020-12-15 13:12:53','제목_10','내용_10',1,2,0),
(644,'2020-12-15 13:12:53','2020-12-15 13:12:53','제목_8','내용_9',2,2,0),
(645,'2020-12-15 13:12:53','2020-12-15 13:12:53','제목_1','내용_4',1,1,0),
(646,'2020-12-15 13:12:53','2020-12-15 13:12:53','제목_1','내용_9',2,2,0),
(647,'2020-12-15 13:12:53','2020-12-15 13:12:53','제목_9','내용_6',2,1,0),
(648,'2020-12-15 13:12:53','2020-12-15 13:12:53','제목_3','내용_5',1,2,0),
(649,'2020-12-15 13:12:53','2020-12-15 13:12:53','제목_5','내용_9',1,1,0),
(650,'2020-12-15 13:12:53','2020-12-15 13:12:53','제목_1','내용_4',1,1,0),
(651,'2020-12-15 13:12:53','2020-12-15 13:12:53','제목_2','내용_6',1,1,0),
(652,'2020-12-15 13:12:53','2020-12-15 13:12:53','제목_5','내용_1',1,2,0),
(653,'2020-12-15 13:12:53','2020-12-15 13:12:53','제목_8','내용_8',1,2,0),
(654,'2020-12-15 13:12:53','2020-12-15 13:12:53','제목_3','내용_2',2,2,0),
(655,'2020-12-15 13:12:53','2020-12-15 13:12:53','제목_3','내용_3',2,1,0),
(656,'2020-12-15 13:12:53','2020-12-15 13:12:53','제목_7','내용_4',1,1,0),
(657,'2020-12-15 13:12:53','2020-12-15 13:12:53','제목_4','내용_10',1,1,0),
(658,'2020-12-15 13:12:53','2020-12-15 13:12:53','제목_6','내용_4',2,2,0),
(659,'2020-12-15 13:12:53','2020-12-15 13:12:53','제목_10','내용_3',2,1,0),
(660,'2020-12-15 13:12:53','2020-12-15 13:12:53','제목_8','내용_10',1,1,0),
(661,'2020-12-15 13:12:53','2020-12-15 13:12:53','제목_7','내용_5',2,2,0),
(662,'2020-12-15 13:12:53','2020-12-15 13:12:53','제목_10','내용_1',2,2,0),
(663,'2020-12-15 13:12:53','2020-12-15 13:12:53','제목_8','내용_5',2,1,0),
(664,'2020-12-15 13:12:53','2020-12-15 13:12:53','제목_4','내용_1',2,2,0),
(665,'2020-12-15 13:12:53','2020-12-15 13:12:53','제목_8','내용_9',1,2,0),
(666,'2020-12-15 13:12:53','2020-12-15 13:12:53','제목_8','내용_4',2,2,0),
(667,'2020-12-15 13:12:53','2020-12-15 13:12:53','제목_2','내용_10',2,1,0),
(668,'2020-12-15 13:12:53','2020-12-15 13:12:53','제목_7','내용_9',2,2,0),
(669,'2020-12-15 13:12:53','2020-12-15 13:12:53','제목_3','내용_3',1,2,0),
(670,'2020-12-15 13:12:53','2020-12-15 13:12:53','제목_9','내용_8',2,1,0),
(671,'2020-12-15 13:12:53','2020-12-15 13:12:53','제목_3','내용_2',1,1,0),
(672,'2020-12-15 13:12:53','2020-12-15 13:12:53','제목_10','내용_8',1,2,0),
(673,'2020-12-15 13:12:53','2020-12-15 13:12:53','제목_2','내용_5',1,1,0),
(674,'2020-12-15 13:12:53','2020-12-15 13:12:53','제목_6','내용_10',2,2,0),
(675,'2020-12-15 13:12:53','2020-12-15 13:12:53','제목_3','내용_7',1,2,0),
(676,'2020-12-15 13:12:53','2020-12-15 13:12:53','제목_4','내용_10',1,2,0),
(677,'2020-12-15 13:12:53','2020-12-15 13:12:53','제목_4','내용_2',1,1,0),
(678,'2020-12-15 13:12:53','2020-12-15 13:12:53','제목_3','내용_3',1,2,0),
(679,'2020-12-15 13:12:53','2020-12-15 13:12:53','제목_9','내용_2',2,1,0),
(680,'2020-12-15 13:12:53','2020-12-15 13:12:53','제목_5','내용_7',1,1,0),
(681,'2020-12-15 13:12:53','2020-12-15 13:12:53','제목_9','내용_6',1,2,0),
(682,'2020-12-15 13:12:53','2020-12-15 13:12:53','제목_9','내용_3',1,1,0),
(683,'2020-12-15 13:12:53','2020-12-15 13:12:53','제목_3','내용_2',2,1,0),
(684,'2020-12-15 13:12:53','2020-12-15 13:12:53','제목_1','내용_8',2,2,0),
(685,'2020-12-15 13:12:53','2020-12-15 13:12:53','제목_7','내용_7',2,1,0),
(686,'2020-12-15 13:12:53','2020-12-15 13:12:53','제목_10','내용_10',2,1,0),
(687,'2020-12-15 13:12:53','2020-12-15 13:12:53','제목_3','내용_8',1,2,0),
(688,'2020-12-15 13:12:53','2020-12-15 13:12:53','제목_6','내용_8',2,1,0),
(689,'2020-12-15 13:12:53','2020-12-15 13:12:53','제목_9','내용_1',1,1,0),
(690,'2020-12-15 13:12:53','2020-12-15 13:12:53','제목_7','내용_2',1,2,0),
(691,'2020-12-15 13:12:53','2020-12-15 13:12:53','제목_3','내용_1',2,1,0),
(692,'2020-12-15 13:12:53','2020-12-15 13:12:53','제목_8','내용_2',1,1,0),
(693,'2020-12-15 13:12:53','2020-12-15 13:12:53','제목_1','내용_3',2,2,0),
(694,'2020-12-15 13:12:53','2020-12-15 13:12:53','제목_8','내용_5',1,2,0),
(695,'2020-12-15 13:12:53','2020-12-15 13:12:53','제목_2','내용_5',1,2,0),
(696,'2020-12-15 13:12:53','2020-12-15 13:12:53','제목_3','내용_5',2,1,0),
(697,'2020-12-15 13:12:53','2020-12-15 13:12:53','제목_9','내용_10',1,2,0),
(698,'2020-12-15 13:12:53','2020-12-15 13:12:53','제목_7','내용_10',1,1,0),
(699,'2020-12-15 13:12:53','2020-12-15 13:12:53','제목_3','내용_7',2,1,0),
(700,'2020-12-15 13:12:53','2020-12-15 13:12:53','제목_9','내용_5',1,1,0),
(701,'2020-12-15 13:12:53','2020-12-15 13:12:53','제목_6','내용_9',1,2,0),
(702,'2020-12-15 13:12:53','2020-12-15 13:12:53','제목_5','내용_1',2,2,0),
(703,'2020-12-15 13:12:53','2020-12-15 13:12:53','제목_6','내용_5',1,1,0),
(704,'2020-12-15 13:12:53','2020-12-15 13:12:53','제목_2','내용_2',2,2,0),
(705,'2020-12-15 13:12:53','2020-12-15 13:12:53','제목_6','내용_7',1,1,0),
(706,'2020-12-15 13:12:53','2020-12-15 13:12:53','제목_1','내용_6',2,2,0),
(707,'2020-12-15 13:12:53','2020-12-15 13:12:53','제목_4','내용_8',1,1,0),
(708,'2020-12-15 13:12:53','2020-12-15 13:12:53','제목_1','내용_9',2,2,0),
(709,'2020-12-15 13:12:53','2020-12-15 13:12:53','제목_7','내용_7',2,2,0),
(710,'2020-12-15 13:12:53','2020-12-15 13:12:53','제목_6','내용_4',2,1,0),
(711,'2020-12-15 13:12:53','2020-12-15 13:12:53','제목_7','내용_6',1,2,0),
(712,'2020-12-15 13:12:53','2020-12-15 13:12:53','제목_8','내용_6',2,1,0),
(713,'2020-12-15 13:12:53','2020-12-15 13:12:53','제목_9','내용_3',1,2,0),
(714,'2020-12-15 13:12:53','2020-12-15 13:12:53','제목_2','내용_6',2,1,0),
(715,'2020-12-15 13:12:53','2020-12-15 13:12:53','제목_5','내용_4',1,2,0),
(716,'2020-12-15 13:12:53','2020-12-15 13:12:53','제목_7','내용_2',1,2,0),
(717,'2020-12-15 13:12:53','2020-12-15 13:12:53','제목_3','내용_5',1,1,0),
(718,'2020-12-15 13:12:53','2020-12-15 13:12:53','제목_3','내용_8',1,1,0),
(719,'2020-12-15 13:12:53','2020-12-15 13:12:53','제목_4','내용_4',1,2,0),
(720,'2020-12-15 13:12:53','2020-12-15 13:12:53','제목_5','내용_1',1,2,0),
(721,'2020-12-15 13:12:53','2020-12-15 13:12:53','제목_4','내용_7',1,1,0),
(722,'2020-12-15 13:12:53','2020-12-15 13:12:53','제목_5','내용_6',2,1,0),
(723,'2020-12-15 13:12:53','2020-12-15 13:12:53','제목_3','내용_4',2,2,0),
(724,'2020-12-15 13:12:53','2020-12-15 13:12:53','제목_1','내용_7',2,2,0),
(725,'2020-12-15 13:12:53','2020-12-15 13:12:53','제목_8','내용_6',2,1,0),
(726,'2020-12-15 13:12:53','2020-12-15 13:12:53','제목_6','내용_10',2,2,0),
(727,'2020-12-15 13:12:53','2020-12-15 13:12:53','제목_7','내용_3',2,1,0),
(728,'2020-12-15 13:12:53','2020-12-15 13:12:53','제목_8','내용_4',1,1,0),
(729,'2020-12-15 13:12:53','2020-12-15 13:12:53','제목_6','내용_3',1,1,0),
(730,'2020-12-15 13:12:53','2020-12-15 13:12:53','제목_5','내용_10',2,1,0),
(731,'2020-12-15 13:12:53','2020-12-15 13:12:53','제목_4','내용_9',2,2,0),
(732,'2020-12-15 13:12:53','2020-12-15 13:12:53','제목_7','내용_9',2,2,0),
(733,'2020-12-15 13:12:53','2020-12-15 13:12:53','제목_1','내용_8',1,1,0),
(734,'2020-12-15 13:12:53','2020-12-15 13:12:53','제목_8','내용_4',2,2,0),
(735,'2020-12-15 13:12:53','2020-12-15 13:12:53','제목_8','내용_8',2,1,0),
(736,'2020-12-15 13:12:53','2020-12-15 13:12:53','제목_2','내용_10',2,1,0),
(737,'2020-12-15 13:12:53','2020-12-15 13:12:53','제목_10','내용_4',1,1,0),
(738,'2020-12-15 13:12:53','2020-12-15 13:12:53','제목_7','내용_1',1,1,0),
(739,'2020-12-15 13:12:53','2020-12-15 13:12:53','제목_3','내용_5',2,1,0),
(740,'2020-12-15 13:12:53','2020-12-15 13:12:53','제목_7','내용_8',1,1,0),
(741,'2020-12-15 13:12:53','2020-12-15 13:12:53','제목_3','내용_3',2,2,0),
(742,'2020-12-15 13:12:53','2020-12-15 13:12:53','제목_5','내용_9',1,1,0),
(743,'2020-12-15 13:12:53','2020-12-15 13:12:53','제목_9','내용_3',1,2,0),
(744,'2020-12-15 13:12:53','2020-12-15 13:12:53','제목_10','내용_5',2,1,0),
(745,'2020-12-15 13:12:53','2020-12-15 13:12:53','제목_1','내용_3',2,1,0),
(746,'2020-12-15 13:12:53','2020-12-15 13:12:53','제목_9','내용_8',2,1,0),
(747,'2020-12-15 13:12:53','2020-12-15 13:12:53','제목_2','내용_10',2,2,0),
(748,'2020-12-15 13:12:53','2020-12-15 13:12:53','제목_3','내용_9',2,1,0),
(749,'2020-12-15 13:12:53','2020-12-15 13:12:53','제목_10','내용_7',2,2,0),
(750,'2020-12-15 13:12:53','2020-12-15 13:12:53','제목_7','내용_3',2,2,0),
(751,'2020-12-15 13:12:53','2020-12-15 13:12:53','제목_3','내용_3',2,1,0),
(752,'2020-12-15 13:12:53','2020-12-15 13:12:53','제목_6','내용_7',1,1,0),
(753,'2020-12-15 13:12:53','2020-12-15 13:12:53','제목_8','내용_3',1,2,0),
(754,'2020-12-15 13:12:53','2020-12-15 13:12:53','제목_8','내용_2',1,1,0),
(755,'2020-12-15 13:12:53','2020-12-15 13:12:53','제목_6','내용_10',2,2,0),
(756,'2020-12-15 13:12:53','2020-12-15 13:12:53','제목_6','내용_9',1,1,0),
(757,'2020-12-15 13:12:53','2020-12-15 13:12:53','제목_4','내용_10',2,1,0),
(758,'2020-12-15 13:12:53','2020-12-15 13:12:53','제목_5','내용_6',1,2,0),
(759,'2020-12-15 13:12:53','2020-12-15 13:12:53','제목_5','내용_2',1,2,0),
(760,'2020-12-15 13:12:53','2020-12-15 13:12:53','제목_10','내용_7',2,2,0),
(761,'2020-12-15 13:12:53','2020-12-15 13:12:53','제목_7','내용_9',2,2,0),
(762,'2020-12-15 13:12:53','2020-12-15 13:12:53','제목_4','내용_5',2,2,0),
(763,'2020-12-15 13:12:53','2020-12-15 13:12:53','제목_9','내용_8',1,1,0),
(764,'2020-12-15 13:12:53','2020-12-15 13:12:53','제목_3','내용_4',1,1,0),
(765,'2020-12-15 13:12:53','2020-12-15 13:12:53','제목_6','내용_1',1,2,0),
(766,'2020-12-15 13:12:53','2020-12-15 13:12:53','제목_4','내용_1',1,2,0),
(767,'2020-12-15 13:12:53','2020-12-15 13:12:53','제목_4','내용_7',2,2,0),
(768,'2020-12-15 13:12:53','2020-12-15 13:12:53','제목_2','내용_1',1,1,0),
(769,'2020-12-15 13:12:53','2020-12-15 13:12:53','제목_4','내용_10',1,2,0),
(770,'2020-12-15 13:12:53','2020-12-15 13:12:53','제목_9','내용_7',2,2,0),
(771,'2020-12-15 13:12:53','2020-12-15 13:12:53','제목_4','내용_6',1,2,0),
(772,'2020-12-15 13:12:53','2020-12-15 13:12:53','제목_9','내용_4',2,2,0),
(773,'2020-12-15 13:12:53','2020-12-15 13:12:53','제목_1','내용_1',2,1,0),
(774,'2020-12-15 13:12:53','2020-12-15 13:12:53','제목_10','내용_8',1,2,0),
(775,'2020-12-15 13:12:53','2020-12-15 13:12:53','제목_7','내용_2',1,1,0),
(776,'2020-12-15 13:12:53','2020-12-15 13:12:53','제목_10','내용_5',1,2,0),
(777,'2020-12-15 13:12:53','2020-12-15 13:12:53','제목_2','내용_6',2,1,0),
(778,'2020-12-15 13:12:53','2020-12-15 13:12:53','제목_9','내용_4',2,1,0),
(779,'2020-12-15 13:12:53','2020-12-15 13:12:53','제목_10','내용_1',2,2,0),
(780,'2020-12-15 13:12:53','2020-12-15 13:12:53','제목_5','내용_3',1,1,0),
(781,'2020-12-15 13:12:53','2020-12-15 13:12:53','제목_6','내용_2',1,2,0),
(782,'2020-12-15 13:12:53','2020-12-15 13:12:53','제목_3','내용_1',2,1,0),
(783,'2020-12-15 13:12:53','2020-12-15 13:12:53','제목_4','내용_9',2,1,0),
(784,'2020-12-15 13:12:53','2020-12-15 13:12:53','제목_5','내용_7',2,1,0),
(785,'2020-12-15 13:12:53','2020-12-15 13:12:53','제목_2','내용_8',2,1,0),
(786,'2020-12-15 13:12:53','2020-12-15 13:12:53','제목_8','내용_2',2,1,0),
(787,'2020-12-15 13:12:53','2020-12-15 13:12:53','제목_3','내용_5',2,1,0),
(788,'2020-12-15 13:12:53','2020-12-15 13:12:53','제목_9','내용_9',1,1,0),
(789,'2020-12-15 13:12:53','2020-12-15 13:12:53','제목_9','내용_5',1,2,0),
(790,'2020-12-15 13:12:53','2020-12-15 13:12:53','제목_6','내용_2',1,1,0),
(791,'2020-12-15 13:12:53','2020-12-15 13:12:53','제목_3','내용_10',2,1,0),
(792,'2020-12-15 13:12:53','2020-12-15 13:12:53','제목_1','내용_3',2,2,0),
(793,'2020-12-15 13:12:53','2020-12-15 13:12:53','제목_3','내용_1',2,1,0),
(794,'2020-12-15 13:12:53','2020-12-15 13:12:53','제목_2','내용_8',1,2,0),
(795,'2020-12-15 13:12:53','2020-12-15 13:12:53','제목_6','내용_10',2,2,0),
(796,'2020-12-15 13:12:53','2020-12-15 13:12:53','제목_9','내용_5',1,2,0),
(797,'2020-12-15 13:12:53','2020-12-15 13:12:53','제목_9','내용_5',1,2,0),
(798,'2020-12-15 13:12:53','2020-12-15 13:12:53','제목_9','내용_2',2,1,0),
(799,'2020-12-15 13:12:53','2020-12-15 13:12:53','제목_5','내용_5',1,1,0),
(800,'2020-12-15 13:12:53','2020-12-15 13:12:53','제목_1','내용_5',2,2,0),
(801,'2020-12-15 13:12:53','2020-12-15 13:12:53','제목_6','내용_2',2,1,0),
(802,'2020-12-15 13:12:53','2020-12-15 13:12:53','제목_9','내용_10',2,1,0),
(803,'2020-12-15 13:12:53','2020-12-15 13:12:53','제목_5','내용_9',1,2,0),
(804,'2020-12-15 13:12:53','2020-12-15 13:12:53','제목_9','내용_1',1,2,0),
(805,'2020-12-15 13:12:53','2020-12-15 13:12:53','제목_2','내용_5',1,2,0),
(806,'2020-12-15 13:12:53','2020-12-15 13:12:53','제목_2','내용_2',2,1,0),
(807,'2020-12-15 13:12:53','2020-12-15 13:12:53','제목_2','내용_10',1,2,0),
(808,'2020-12-15 13:12:53','2020-12-15 13:12:53','제목_4','내용_8',1,1,0),
(809,'2020-12-15 13:12:53','2020-12-15 13:12:53','제목_1','내용_5',2,1,0),
(810,'2020-12-15 13:12:53','2020-12-15 13:12:53','제목_7','내용_5',2,2,0),
(811,'2020-12-15 13:12:53','2020-12-15 13:12:53','제목_7','내용_2',1,2,0),
(812,'2020-12-15 13:12:53','2020-12-15 13:12:53','제목_10','내용_6',1,2,0),
(813,'2020-12-15 13:12:53','2020-12-15 13:12:53','제목_2','내용_10',2,1,0),
(814,'2020-12-15 13:12:53','2020-12-15 13:12:53','제목_2','내용_4',2,2,0),
(815,'2020-12-15 13:12:53','2020-12-15 13:12:53','제목_6','내용_7',1,1,0),
(816,'2020-12-15 13:12:53','2020-12-15 13:12:53','제목_10','내용_2',1,1,0),
(817,'2020-12-15 13:12:53','2020-12-15 13:12:53','제목_9','내용_5',1,1,0),
(818,'2020-12-15 13:12:53','2020-12-15 13:12:53','제목_3','내용_9',1,2,0),
(819,'2020-12-15 13:12:53','2020-12-15 13:12:53','제목_5','내용_2',1,2,0),
(820,'2020-12-15 13:12:53','2020-12-15 13:12:53','제목_8','내용_5',2,1,0),
(821,'2020-12-15 13:12:53','2020-12-15 13:12:53','제목_6','내용_10',2,2,0),
(822,'2020-12-15 13:12:53','2020-12-15 13:12:53','제목_3','내용_4',2,2,0),
(823,'2020-12-15 13:12:54','2020-12-15 13:12:54','제목_9','내용_9',1,1,0),
(824,'2020-12-15 13:12:54','2020-12-15 13:12:54','제목_7','내용_10',1,1,0),
(825,'2020-12-15 13:12:54','2020-12-15 13:12:54','제목_10','내용_1',1,2,0),
(826,'2020-12-15 13:12:54','2020-12-15 13:12:54','제목_8','내용_9',2,1,0),
(827,'2020-12-15 13:12:54','2020-12-15 13:12:54','제목_4','내용_8',1,1,0),
(828,'2020-12-15 13:12:54','2020-12-15 13:12:54','제목_6','내용_7',1,2,0),
(829,'2020-12-15 13:12:54','2020-12-15 13:12:54','제목_7','내용_4',1,2,0),
(830,'2020-12-15 13:12:54','2020-12-15 13:12:54','제목_8','내용_8',1,1,0),
(831,'2020-12-15 13:12:54','2020-12-15 13:12:54','제목_2','내용_1',1,2,0),
(832,'2020-12-15 13:12:54','2020-12-15 13:12:54','제목_7','내용_7',2,2,0),
(833,'2020-12-15 13:12:54','2020-12-15 13:12:54','제목_7','내용_2',2,1,0),
(834,'2020-12-15 13:12:54','2020-12-15 13:12:54','제목_6','내용_2',2,2,0),
(835,'2020-12-15 13:12:54','2020-12-15 13:12:54','제목_1','내용_9',2,2,0),
(836,'2020-12-15 13:12:54','2020-12-15 13:12:54','제목_6','내용_6',2,1,0),
(837,'2020-12-15 13:12:54','2020-12-15 13:12:54','제목_10','내용_9',2,1,0),
(838,'2020-12-15 13:12:54','2020-12-15 13:12:54','제목_8','내용_8',2,1,0),
(839,'2020-12-15 13:12:54','2020-12-15 13:12:54','제목_9','내용_8',2,2,0),
(840,'2020-12-15 13:12:54','2020-12-15 13:12:54','제목_8','내용_3',2,2,0),
(841,'2020-12-15 13:12:54','2020-12-15 13:12:54','제목_10','내용_7',2,1,0),
(842,'2020-12-15 13:12:54','2020-12-15 13:12:54','제목_7','내용_8',1,1,0),
(843,'2020-12-15 13:12:54','2020-12-15 13:12:54','제목_3','내용_4',2,1,0),
(844,'2020-12-15 13:12:54','2020-12-15 13:12:54','제목_10','내용_9',2,2,0),
(845,'2020-12-15 13:12:54','2020-12-15 13:12:54','제목_3','내용_4',2,2,0),
(846,'2020-12-15 13:12:54','2020-12-15 13:12:54','제목_7','내용_9',2,1,0),
(847,'2020-12-15 13:12:54','2020-12-15 13:12:54','제목_8','내용_3',2,2,0),
(848,'2020-12-15 13:12:54','2020-12-15 13:12:54','제목_9','내용_1',1,1,0),
(849,'2020-12-15 13:12:54','2020-12-15 13:12:54','제목_2','내용_2',2,2,0),
(850,'2020-12-15 13:12:54','2020-12-15 13:12:54','제목_6','내용_5',1,2,0),
(851,'2020-12-15 13:12:54','2020-12-15 13:12:54','제목_5','내용_2',2,1,0),
(852,'2020-12-15 13:12:54','2020-12-15 13:12:54','제목_5','내용_5',1,2,0),
(853,'2020-12-15 13:12:54','2020-12-15 13:12:54','제목_7','내용_2',1,1,0),
(854,'2020-12-15 13:12:54','2020-12-15 13:12:54','제목_2','내용_8',2,2,0),
(855,'2020-12-15 13:12:54','2020-12-15 13:12:54','제목_2','내용_10',2,1,0),
(856,'2020-12-15 13:12:54','2020-12-15 13:12:54','제목_3','내용_6',1,1,0),
(857,'2020-12-15 13:12:54','2020-12-15 13:12:54','제목_7','내용_4',1,1,0),
(858,'2020-12-15 13:12:54','2020-12-15 13:12:54','제목_9','내용_7',1,2,0),
(859,'2020-12-15 13:12:54','2020-12-15 13:12:54','제목_9','내용_3',1,1,0),
(860,'2020-12-15 13:12:54','2020-12-15 13:12:54','제목_4','내용_1',2,2,0),
(861,'2020-12-15 13:12:54','2020-12-15 13:12:54','제목_6','내용_6',1,2,0),
(862,'2020-12-15 13:12:54','2020-12-15 13:12:54','제목_5','내용_3',1,2,0),
(863,'2020-12-15 13:12:54','2020-12-15 13:12:54','제목_4','내용_4',1,2,0),
(864,'2020-12-15 13:12:54','2020-12-15 13:12:54','제목_7','내용_4',1,2,0),
(865,'2020-12-15 13:12:54','2020-12-15 13:12:54','제목_1','내용_1',2,1,0),
(866,'2020-12-15 13:12:54','2020-12-15 13:12:54','제목_7','내용_10',1,2,0),
(867,'2020-12-15 13:12:54','2020-12-15 13:12:54','제목_5','내용_7',1,2,0),
(868,'2020-12-15 13:12:54','2020-12-15 13:12:54','제목_2','내용_8',2,2,0),
(869,'2020-12-15 13:12:54','2020-12-15 13:12:54','제목_6','내용_4',2,1,0),
(870,'2020-12-15 13:12:54','2020-12-15 13:12:54','제목_8','내용_5',1,1,0),
(871,'2020-12-15 13:12:54','2020-12-15 13:12:54','제목_7','내용_6',1,1,0),
(872,'2020-12-15 13:12:54','2020-12-15 13:12:54','제목_8','내용_8',1,2,0),
(873,'2020-12-15 13:12:54','2020-12-15 13:12:54','제목_8','내용_3',2,2,0),
(874,'2020-12-15 13:12:54','2020-12-15 13:12:54','제목_1','내용_2',2,2,0),
(875,'2020-12-15 13:12:54','2020-12-15 13:12:54','제목_2','내용_3',1,1,0),
(876,'2020-12-15 13:12:54','2020-12-15 13:12:54','제목_4','내용_1',2,2,0),
(877,'2020-12-15 13:12:54','2020-12-15 13:12:54','제목_4','내용_9',2,1,0),
(878,'2020-12-15 13:12:54','2020-12-15 13:12:54','제목_3','내용_7',2,2,0),
(879,'2020-12-15 13:12:54','2020-12-15 13:12:54','제목_6','내용_8',2,2,0),
(880,'2020-12-15 13:12:54','2020-12-15 13:12:54','제목_2','내용_9',1,1,0),
(881,'2020-12-15 13:12:54','2020-12-15 13:12:54','제목_7','내용_2',1,2,0),
(882,'2020-12-15 13:12:54','2020-12-15 13:12:54','제목_4','내용_3',2,1,0),
(883,'2020-12-15 13:12:54','2020-12-15 13:12:54','제목_10','내용_5',2,1,0),
(884,'2020-12-15 13:12:54','2020-12-15 13:12:54','제목_9','내용_9',1,2,0),
(885,'2020-12-15 13:12:54','2020-12-15 13:12:54','제목_5','내용_7',1,1,0),
(886,'2020-12-15 13:12:54','2020-12-15 13:12:54','제목_4','내용_3',2,1,0),
(887,'2020-12-15 13:12:54','2020-12-15 13:12:54','제목_10','내용_3',2,2,0),
(888,'2020-12-15 13:12:54','2020-12-15 13:12:54','제목_4','내용_6',1,2,0),
(889,'2020-12-15 13:12:54','2020-12-15 13:12:54','제목_1','내용_5',1,1,0),
(890,'2020-12-15 13:12:54','2020-12-15 13:12:54','제목_5','내용_2',1,2,0),
(891,'2020-12-15 13:12:54','2020-12-15 13:12:54','제목_4','내용_4',1,1,0),
(892,'2020-12-15 13:12:54','2020-12-15 13:12:54','제목_6','내용_5',1,2,0),
(893,'2020-12-15 13:12:54','2020-12-15 13:12:54','제목_4','내용_4',1,1,0),
(894,'2020-12-15 13:12:54','2020-12-15 13:12:54','제목_2','내용_7',2,2,0),
(895,'2020-12-15 13:12:54','2020-12-15 13:12:54','제목_10','내용_10',1,1,0),
(896,'2020-12-15 13:12:54','2020-12-15 13:12:54','제목_2','내용_6',2,1,0),
(897,'2020-12-15 13:12:54','2020-12-15 13:12:54','제목_3','내용_5',2,1,0),
(898,'2020-12-15 13:12:54','2020-12-15 13:12:54','제목_1','내용_4',1,2,0),
(899,'2020-12-15 13:12:54','2020-12-15 13:12:54','제목_8','내용_3',2,1,0),
(900,'2020-12-15 13:12:54','2020-12-15 13:12:54','제목_7','내용_7',1,1,0),
(901,'2020-12-15 13:12:54','2020-12-15 13:12:54','제목_2','내용_1',1,2,0),
(902,'2020-12-15 13:12:54','2020-12-15 13:12:54','제목_5','내용_5',1,1,0),
(903,'2020-12-15 13:12:54','2020-12-15 13:12:54','제목_10','내용_1',1,2,0),
(904,'2020-12-15 13:12:54','2020-12-15 13:12:54','제목_8','내용_3',2,1,0),
(905,'2020-12-15 13:12:54','2020-12-15 13:12:54','제목_10','내용_8',2,1,0),
(906,'2020-12-15 13:12:54','2020-12-15 13:12:54','제목_8','내용_6',2,1,0),
(907,'2020-12-15 13:12:54','2020-12-15 13:12:54','제목_3','내용_7',1,2,0),
(908,'2020-12-15 13:12:54','2020-12-15 13:12:54','제목_7','내용_5',2,1,0),
(909,'2020-12-15 13:12:54','2020-12-15 13:12:54','제목_4','내용_10',1,2,0),
(910,'2020-12-15 13:12:54','2020-12-15 13:12:54','제목_10','내용_7',1,2,0),
(911,'2020-12-15 13:12:54','2020-12-15 13:12:54','제목_8','내용_5',1,2,0),
(912,'2020-12-15 13:12:54','2020-12-15 13:12:54','제목_1','내용_2',1,1,0),
(913,'2020-12-15 13:12:54','2020-12-15 13:12:54','제목_2','내용_4',2,1,0),
(914,'2020-12-15 13:12:54','2020-12-15 13:12:54','제목_5','내용_3',1,1,0),
(915,'2020-12-15 13:12:54','2020-12-15 13:12:54','제목_5','내용_6',2,2,0),
(916,'2020-12-15 13:12:54','2020-12-15 13:12:54','제목_8','내용_8',2,1,0),
(917,'2020-12-15 13:12:54','2020-12-15 13:12:54','제목_8','내용_1',1,2,0),
(918,'2020-12-15 13:12:54','2020-12-15 13:12:54','제목_1','내용_8',1,1,0),
(919,'2020-12-15 13:12:54','2020-12-15 13:12:54','제목_4','내용_7',2,1,0),
(920,'2020-12-15 13:12:54','2020-12-15 13:12:54','제목_9','내용_7',1,2,0),
(921,'2020-12-15 13:12:54','2020-12-15 13:12:54','제목_9','내용_6',2,2,0),
(922,'2020-12-15 13:12:54','2020-12-15 13:12:54','제목_3','내용_9',1,1,0),
(923,'2020-12-15 13:12:54','2020-12-15 13:12:54','제목_9','내용_3',1,2,0),
(924,'2020-12-15 13:12:54','2020-12-15 13:12:54','제목_10','내용_5',2,2,0),
(925,'2020-12-15 13:12:54','2020-12-15 13:12:54','제목_1','내용_9',2,1,0),
(926,'2020-12-15 13:12:54','2020-12-15 13:12:54','제목_5','내용_6',2,1,0),
(927,'2020-12-15 13:12:54','2020-12-15 13:12:54','제목_5','내용_4',1,1,0),
(928,'2020-12-15 13:12:54','2020-12-15 13:12:54','제목_3','내용_4',2,2,0),
(929,'2020-12-15 13:12:54','2020-12-15 13:12:54','제목_6','내용_7',1,1,0),
(930,'2020-12-15 13:12:54','2020-12-15 13:12:54','제목_1','내용_3',2,2,0),
(931,'2020-12-15 13:12:54','2020-12-15 13:12:54','제목_3','내용_7',1,2,0),
(932,'2020-12-15 13:12:54','2020-12-15 13:12:54','제목_2','내용_7',1,2,0),
(933,'2020-12-15 13:12:54','2020-12-15 13:12:54','제목_8','내용_2',1,1,0),
(934,'2020-12-15 13:12:54','2020-12-15 13:12:54','제목_5','내용_9',2,1,0),
(935,'2020-12-15 13:12:54','2020-12-15 13:12:54','제목_7','내용_7',2,2,0),
(936,'2020-12-15 13:12:54','2020-12-15 13:12:54','제목_6','내용_10',2,1,0),
(937,'2020-12-15 13:12:54','2020-12-15 13:12:54','제목_4','내용_5',2,2,0),
(938,'2020-12-15 13:12:54','2020-12-15 13:12:54','제목_9','내용_9',2,1,0),
(939,'2020-12-15 13:12:54','2020-12-15 13:12:54','제목_8','내용_4',1,1,0),
(940,'2020-12-15 13:12:54','2020-12-15 13:12:54','제목_10','내용_9',2,1,0),
(941,'2020-12-15 13:12:54','2020-12-15 13:12:54','제목_3','내용_9',2,1,0),
(942,'2020-12-15 13:12:54','2020-12-15 13:12:54','제목_2','내용_5',1,2,0),
(943,'2020-12-15 13:12:54','2020-12-15 13:12:54','제목_10','내용_4',1,2,0),
(944,'2020-12-15 13:12:54','2020-12-15 13:12:54','제목_8','내용_9',1,1,0),
(945,'2020-12-15 13:12:54','2020-12-15 13:12:54','제목_10','내용_6',2,1,0),
(946,'2020-12-15 13:12:54','2020-12-15 13:12:54','제목_10','내용_8',2,1,0),
(947,'2020-12-15 13:12:54','2020-12-15 13:12:54','제목_2','내용_2',2,1,0),
(948,'2020-12-15 13:12:54','2020-12-15 13:12:54','제목_8','내용_6',1,2,0),
(949,'2020-12-15 13:12:54','2020-12-15 13:12:54','제목_1','내용_2',1,1,0),
(950,'2020-12-15 13:12:54','2020-12-15 13:12:54','제목_6','내용_3',2,1,0),
(951,'2020-12-15 13:12:54','2020-12-15 13:12:54','제목_6','내용_3',2,2,0),
(952,'2020-12-15 13:12:54','2020-12-15 13:12:54','제목_1','내용_2',1,1,0),
(953,'2020-12-15 13:12:54','2020-12-15 13:12:54','제목_8','내용_6',2,1,0),
(954,'2020-12-15 13:12:54','2020-12-15 13:12:54','제목_9','내용_2',2,1,0),
(955,'2020-12-15 13:12:54','2020-12-15 13:12:54','제목_9','내용_3',1,2,0),
(956,'2020-12-15 13:12:54','2020-12-15 13:12:54','제목_4','내용_6',2,1,0),
(957,'2020-12-15 13:12:54','2020-12-15 13:12:54','제목_2','내용_10',2,2,0),
(958,'2020-12-15 13:12:54','2020-12-15 13:12:54','제목_3','내용_10',1,1,0),
(959,'2020-12-15 13:12:54','2020-12-15 13:12:54','제목_9','내용_7',1,1,0),
(960,'2020-12-15 13:12:54','2020-12-15 13:12:54','제목_9','내용_6',2,1,0),
(961,'2020-12-15 13:12:54','2020-12-15 13:12:54','제목_5','내용_5',1,2,0),
(962,'2020-12-15 13:12:54','2020-12-15 13:12:54','제목_2','내용_1',1,2,0),
(963,'2020-12-15 13:12:54','2020-12-15 13:12:54','제목_2','내용_1',1,1,0),
(964,'2020-12-15 13:12:54','2020-12-15 13:12:54','제목_6','내용_5',2,1,0),
(965,'2020-12-15 13:12:54','2020-12-15 13:12:54','제목_10','내용_3',2,1,0),
(966,'2020-12-15 13:12:54','2020-12-15 13:12:54','제목_2','내용_3',2,2,0),
(967,'2020-12-15 13:12:54','2020-12-15 13:12:54','제목_6','내용_10',1,2,0),
(968,'2020-12-15 13:12:54','2020-12-15 13:12:54','제목_6','내용_2',1,2,0),
(969,'2020-12-15 13:12:54','2020-12-15 13:12:54','제목_1','내용_1',1,1,0),
(970,'2020-12-15 13:12:54','2020-12-15 13:12:54','제목_1','내용_9',2,2,0),
(971,'2020-12-15 13:12:54','2020-12-15 13:12:54','제목_1','내용_9',2,2,0),
(972,'2020-12-15 13:12:54','2020-12-15 13:12:54','제목_9','내용_7',1,1,0),
(973,'2020-12-15 13:12:54','2020-12-15 13:12:54','제목_7','내용_8',1,2,0),
(974,'2020-12-15 13:12:54','2020-12-15 13:12:54','제목_2','내용_5',1,1,0),
(975,'2020-12-15 13:12:54','2020-12-15 13:12:54','제목_8','내용_8',1,2,0),
(976,'2020-12-15 13:12:54','2020-12-15 13:12:54','제목_10','내용_4',1,2,0),
(977,'2020-12-15 13:12:54','2020-12-15 13:12:54','제목_7','내용_8',1,1,0),
(978,'2020-12-15 13:12:54','2020-12-15 13:12:54','제목_2','내용_2',2,1,0),
(979,'2020-12-15 13:12:54','2020-12-15 13:12:54','제목_10','내용_10',1,2,0),
(980,'2020-12-15 13:12:54','2020-12-15 13:12:54','제목_4','내용_7',1,2,0),
(981,'2020-12-15 13:12:54','2020-12-15 13:12:54','제목_7','내용_1',2,1,0),
(982,'2020-12-15 13:12:54','2020-12-15 13:12:54','제목_7','내용_4',2,1,0),
(983,'2020-12-15 13:12:54','2020-12-15 13:12:54','제목_9','내용_2',2,2,0),
(984,'2020-12-15 13:12:54','2020-12-15 13:12:54','제목_3','내용_7',2,2,0),
(985,'2020-12-15 13:12:54','2020-12-15 13:12:54','제목_7','내용_7',2,2,0),
(986,'2020-12-15 13:12:54','2020-12-15 13:12:54','제목_8','내용_1',2,1,0),
(987,'2020-12-15 13:12:54','2020-12-15 13:12:54','제목_6','내용_1',1,1,0),
(988,'2020-12-15 13:12:54','2020-12-15 13:12:54','제목_1','내용_5',2,1,0),
(989,'2020-12-15 13:12:54','2020-12-15 13:12:54','제목_2','내용_1',1,1,0),
(990,'2020-12-15 13:12:54','2020-12-15 13:12:54','제목_7','내용_2',1,2,0),
(991,'2020-12-15 13:12:54','2020-12-15 13:12:54','제목_9','내용_8',1,1,0),
(992,'2020-12-15 13:12:54','2020-12-15 13:12:54','제목_2','내용_3',2,2,0),
(993,'2020-12-15 13:12:54','2020-12-15 13:12:54','제목_6','내용_7',2,1,0),
(994,'2020-12-15 13:12:54','2020-12-15 13:12:54','제목_2','내용_9',1,1,0),
(995,'2020-12-15 13:12:54','2020-12-15 13:12:54','제목_8','내용_9',1,1,0),
(996,'2020-12-15 13:12:54','2020-12-15 13:12:54','제목_5','내용_7',1,1,0),
(997,'2020-12-15 13:12:54','2020-12-15 13:12:54','제목_6','내용_9',1,2,0),
(998,'2020-12-15 13:12:54','2020-12-15 13:12:54','제목_2','내용_8',1,1,0),
(999,'2020-12-15 13:12:54','2020-12-15 13:12:54','제목_10','내용_4',2,1,0),
(1000,'2020-12-15 13:12:54','2020-12-15 13:12:54','제목_5','내용_6',2,2,0),
(1001,'2020-12-15 13:12:54','2020-12-15 13:12:54','제목_2','내용_7',1,2,0),
(1002,'2020-12-15 13:12:54','2020-12-15 13:12:54','제목_8','내용_9',2,2,0),
(1003,'2020-12-15 13:12:54','2020-12-15 13:12:54','제목_3','내용_2',2,1,0),
(1004,'2020-12-15 13:12:54','2020-12-15 13:12:54','제목_9','내용_6',2,2,0),
(1005,'2020-12-15 13:12:54','2020-12-15 13:12:54','제목_8','내용_3',2,1,0),
(1006,'2020-12-15 13:12:54','2020-12-15 13:12:54','제목_8','내용_1',1,1,0),
(1007,'2020-12-15 13:12:54','2020-12-15 13:12:54','제목_9','내용_6',2,1,0),
(1008,'2020-12-15 13:12:54','2020-12-15 13:12:54','제목_4','내용_7',2,2,0),
(1009,'2020-12-15 13:12:54','2020-12-15 13:12:54','제목_2','내용_7',1,1,0),
(1010,'2020-12-15 13:12:54','2020-12-15 13:12:54','제목_4','내용_8',1,1,0),
(1011,'2020-12-15 13:12:54','2020-12-15 13:12:54','제목_9','내용_3',1,1,0),
(1012,'2020-12-15 13:12:54','2020-12-15 13:12:54','제목_6','내용_7',1,2,0),
(1013,'2020-12-15 13:12:54','2020-12-15 13:12:54','제목_5','내용_10',2,2,0),
(1014,'2020-12-15 13:12:54','2020-12-15 13:12:54','제목_8','내용_7',1,1,0),
(1015,'2020-12-15 13:12:54','2020-12-15 13:12:54','제목_5','내용_3',2,2,0),
(1016,'2020-12-15 13:12:54','2020-12-15 13:12:54','제목_9','내용_10',2,1,0),
(1017,'2020-12-15 13:12:54','2020-12-15 13:12:54','제목_3','내용_3',1,1,0),
(1018,'2020-12-15 13:12:54','2020-12-15 13:12:54','제목_2','내용_9',1,2,0),
(1019,'2020-12-15 13:12:54','2020-12-15 13:12:54','제목_3','내용_1',1,2,0),
(1020,'2020-12-15 13:12:54','2020-12-15 13:12:54','제목_2','내용_6',2,1,0),
(1021,'2020-12-15 13:12:54','2020-12-15 13:12:54','제목_7','내용_4',1,1,0),
(1022,'2020-12-15 13:12:54','2020-12-15 13:12:54','제목_7','내용_4',1,2,0),
(1023,'2020-12-15 13:12:54','2020-12-15 13:12:54','제목_6','내용_9',2,1,0),
(1024,'2020-12-15 13:12:54','2020-12-15 13:12:54','제목_8','내용_1',2,2,0),
(1025,'2020-12-15 13:12:54','2020-12-15 13:12:54','제목_8','내용_6',1,2,0),
(1026,'2020-12-15 13:12:54','2020-12-15 13:12:54','제목_6','내용_9',1,1,0),
(1027,'2020-12-15 13:12:54','2020-12-15 13:12:54','제목_10','내용_4',2,2,0),
(1028,'2020-12-15 13:12:54','2020-12-15 13:12:54','제목_5','내용_8',1,2,0),
(1029,'2020-12-15 13:12:54','2020-12-15 13:12:54','제목_9','내용_5',1,1,0),
(1030,'2020-12-15 13:12:54','2020-12-15 13:12:54','제목_6','내용_5',2,1,0),
(1031,'2020-12-15 13:12:54','2020-12-15 13:12:54','제목_4','내용_7',2,2,0),
(1032,'2020-12-15 13:12:54','2020-12-15 13:12:54','제목_2','내용_2',2,2,0),
(1033,'2020-12-15 13:12:54','2020-12-15 13:12:54','제목_10','내용_4',1,1,0),
(1034,'2020-12-15 13:12:54','2020-12-15 13:12:54','제목_9','내용_9',1,2,0),
(1035,'2020-12-15 13:12:54','2020-12-15 13:12:54','제목_1','내용_8',1,2,0),
(1036,'2020-12-15 13:12:54','2020-12-15 13:12:54','제목_6','내용_7',1,1,0),
(1037,'2020-12-15 13:12:54','2020-12-15 13:12:54','제목_4','내용_3',2,1,0),
(1038,'2020-12-15 13:12:54','2020-12-15 13:12:54','제목_4','내용_2',1,1,0),
(1039,'2020-12-15 13:12:54','2020-12-15 13:12:54','제목_8','내용_1',1,1,0),
(1040,'2020-12-15 13:12:54','2020-12-15 13:12:54','제목_6','내용_6',1,1,0),
(1041,'2020-12-15 13:12:54','2020-12-15 13:12:54','제목_2','내용_6',2,1,0),
(1042,'2020-12-15 13:12:54','2020-12-15 13:12:54','제목_9','내용_10',1,1,0),
(1043,'2020-12-15 13:12:54','2020-12-15 13:12:54','제목_3','내용_9',2,2,0),
(1044,'2020-12-15 13:12:54','2020-12-15 13:12:54','제목_3','내용_5',1,2,0),
(1045,'2020-12-15 13:12:54','2020-12-15 13:12:54','제목_2','내용_8',2,2,0),
(1046,'2020-12-15 13:12:54','2020-12-15 13:12:54','제목_8','내용_2',2,1,0),
(1047,'2020-12-15 13:12:54','2020-12-15 13:12:54','제목_1','내용_5',2,1,0),
(1048,'2020-12-15 13:12:54','2020-12-15 13:12:54','제목_4','내용_3',2,1,0),
(1049,'2020-12-15 13:12:54','2020-12-15 13:12:54','제목_3','내용_8',1,1,0),
(1050,'2020-12-15 13:12:54','2020-12-15 13:12:54','제목_9','내용_4',2,2,0),
(1051,'2020-12-15 13:12:54','2020-12-15 13:12:54','제목_10','내용_5',2,1,0),
(1052,'2020-12-15 13:12:54','2020-12-15 13:12:54','제목_2','내용_8',2,1,0),
(1053,'2020-12-15 13:12:54','2020-12-15 13:12:54','제목_3','내용_1',2,1,0),
(1054,'2020-12-15 13:12:54','2020-12-15 13:12:54','제목_5','내용_5',1,1,0),
(1055,'2020-12-15 13:12:54','2020-12-15 13:12:54','제목_7','내용_9',1,1,0),
(1056,'2020-12-15 13:12:54','2020-12-15 13:12:54','제목_9','내용_4',2,2,0),
(1057,'2020-12-15 13:12:54','2020-12-15 13:12:54','제목_4','내용_6',1,2,0),
(1058,'2020-12-15 13:12:54','2020-12-15 13:12:54','제목_10','내용_1',2,1,0),
(1059,'2020-12-15 13:12:54','2020-12-15 13:12:54','제목_4','내용_2',2,1,0),
(1060,'2020-12-15 13:12:54','2020-12-15 13:12:54','제목_6','내용_6',2,1,0),
(1061,'2020-12-15 13:12:54','2020-12-15 13:12:54','제목_6','내용_3',2,2,0),
(1062,'2020-12-15 13:12:54','2020-12-15 13:12:54','제목_6','내용_3',1,2,0),
(1063,'2020-12-15 13:12:54','2020-12-15 13:12:54','제목_10','내용_8',2,2,0),
(1064,'2020-12-15 13:12:55','2020-12-15 13:12:55','제목_3','내용_2',1,2,0),
(1065,'2020-12-15 13:12:55','2020-12-15 13:12:55','제목_6','내용_3',2,1,0),
(1066,'2020-12-15 13:12:55','2020-12-15 13:12:55','제목_4','내용_4',1,1,0),
(1067,'2020-12-15 13:12:55','2020-12-15 13:12:55','제목_1','내용_4',1,1,0),
(1068,'2020-12-15 13:12:55','2020-12-15 13:12:55','제목_10','내용_10',2,2,0),
(1069,'2020-12-15 13:12:55','2020-12-15 13:12:55','제목_6','내용_7',1,1,0),
(1070,'2020-12-15 13:12:55','2020-12-15 13:12:55','제목_8','내용_10',2,1,0),
(1071,'2020-12-15 13:12:55','2020-12-15 13:12:55','제목_7','내용_4',1,1,0),
(1072,'2020-12-15 13:12:55','2020-12-15 13:12:55','제목_6','내용_2',2,2,0),
(1073,'2020-12-15 13:12:55','2020-12-15 13:12:55','제목_10','내용_8',2,2,0),
(1074,'2020-12-15 13:12:55','2020-12-15 13:12:55','제목_9','내용_3',1,2,0),
(1075,'2020-12-15 13:12:55','2020-12-15 13:12:55','제목_6','내용_2',1,1,0),
(1076,'2020-12-15 13:12:55','2020-12-15 13:12:55','제목_9','내용_2',2,2,0),
(1077,'2020-12-15 13:12:55','2020-12-15 13:12:55','제목_6','내용_5',2,2,0),
(1078,'2020-12-15 13:12:55','2020-12-15 13:12:55','제목_8','내용_6',1,1,0),
(1079,'2020-12-15 13:12:55','2020-12-15 13:12:55','제목_9','내용_6',2,2,0),
(1080,'2020-12-15 13:12:55','2020-12-15 13:12:55','제목_6','내용_4',1,1,0),
(1081,'2020-12-15 13:12:55','2020-12-15 13:12:55','제목_8','내용_5',2,1,0),
(1082,'2020-12-15 13:12:55','2020-12-15 13:12:55','제목_4','내용_2',1,1,0),
(1083,'2020-12-15 13:12:55','2020-12-15 13:12:55','제목_8','내용_4',1,1,0),
(1084,'2020-12-15 13:12:55','2020-12-15 13:12:55','제목_10','내용_10',2,2,0),
(1085,'2020-12-15 13:12:55','2020-12-15 13:12:55','제목_10','내용_6',1,2,0),
(1086,'2020-12-15 13:12:55','2020-12-15 13:12:55','제목_1','내용_5',1,2,0),
(1087,'2020-12-15 13:12:55','2020-12-15 13:12:55','제목_7','내용_6',1,1,0),
(1088,'2020-12-15 13:12:55','2020-12-15 13:12:55','제목_9','내용_1',1,1,0),
(1089,'2020-12-15 13:12:55','2020-12-15 13:12:55','제목_4','내용_5',1,1,0),
(1090,'2020-12-15 13:12:55','2020-12-15 13:12:55','제목_7','내용_9',2,1,0),
(1091,'2020-12-15 13:12:55','2020-12-15 13:12:55','제목_4','내용_10',1,2,0),
(1092,'2020-12-15 13:12:55','2020-12-15 13:12:55','제목_8','내용_9',2,2,0),
(1093,'2020-12-15 13:12:55','2020-12-15 13:12:55','제목_8','내용_2',1,2,0),
(1094,'2020-12-15 13:12:55','2020-12-15 13:12:55','제목_1','내용_4',1,1,0),
(1095,'2020-12-15 13:12:55','2020-12-15 13:12:55','제목_5','내용_8',1,2,0),
(1096,'2020-12-15 13:12:55','2020-12-15 13:12:55','제목_2','내용_2',1,1,0),
(1097,'2020-12-15 13:12:55','2020-12-15 13:12:55','제목_2','내용_7',2,1,0),
(1098,'2020-12-15 13:12:55','2020-12-15 13:12:55','제목_10','내용_8',1,1,0),
(1099,'2020-12-15 13:12:55','2020-12-15 13:12:55','제목_4','내용_7',1,1,0),
(1100,'2020-12-15 13:12:55','2020-12-15 13:12:55','제목_9','내용_2',2,1,0),
(1101,'2020-12-15 13:12:55','2020-12-15 13:12:55','제목_9','내용_7',2,2,0),
(1102,'2020-12-15 13:12:55','2020-12-15 13:12:55','제목_3','내용_4',1,1,0),
(1103,'2020-12-15 13:12:55','2020-12-15 13:12:55','제목_4','내용_4',1,2,0),
(1104,'2020-12-15 13:12:55','2020-12-15 13:12:55','제목_9','내용_10',2,2,0),
(1105,'2020-12-15 13:12:55','2020-12-15 13:12:55','제목_2','내용_9',1,1,0),
(1106,'2020-12-15 13:12:55','2020-12-15 13:12:55','제목_3','내용_3',1,2,0),
(1107,'2020-12-15 13:12:55','2020-12-15 13:12:55','제목_5','내용_8',2,1,0),
(1108,'2020-12-15 13:12:55','2020-12-15 13:12:55','제목_2','내용_9',1,1,0),
(1109,'2020-12-15 13:12:55','2020-12-15 13:12:55','제목_5','내용_8',2,2,0),
(1110,'2020-12-15 13:12:55','2020-12-15 13:12:55','제목_1','내용_9',1,1,0),
(1111,'2020-12-15 13:12:55','2020-12-15 13:12:55','제목_3','내용_3',1,2,0),
(1112,'2020-12-15 13:12:55','2020-12-15 13:12:55','제목_7','내용_4',1,1,0),
(1113,'2020-12-15 13:12:55','2020-12-15 13:12:55','제목_6','내용_8',2,1,0),
(1114,'2020-12-15 13:12:55','2020-12-15 13:12:55','제목_8','내용_7',2,2,0),
(1115,'2020-12-15 13:12:55','2020-12-15 13:12:55','제목_6','내용_7',1,2,0),
(1116,'2020-12-15 13:12:55','2020-12-15 13:12:55','제목_4','내용_9',1,2,0),
(1117,'2020-12-15 13:12:55','2020-12-15 13:12:55','제목_6','내용_10',2,2,0),
(1118,'2020-12-15 13:12:55','2020-12-15 13:12:55','제목_1','내용_9',1,2,0),
(1119,'2020-12-15 13:12:55','2020-12-15 13:12:55','제목_2','내용_8',1,1,0),
(1120,'2020-12-15 13:12:55','2020-12-15 13:12:55','제목_6','내용_7',1,2,0),
(1121,'2020-12-15 13:12:55','2020-12-15 13:12:55','제목_7','내용_1',1,1,0),
(1122,'2020-12-15 13:12:55','2020-12-15 13:12:55','제목_1','내용_5',2,2,0),
(1123,'2020-12-15 13:12:55','2020-12-15 13:12:55','제목_2','내용_10',2,1,0),
(1124,'2020-12-15 13:12:55','2020-12-15 13:12:55','제목_8','내용_9',2,2,0),
(1125,'2020-12-15 13:12:55','2020-12-15 13:12:55','제목_7','내용_3',2,1,0),
(1126,'2020-12-15 13:12:55','2020-12-15 13:12:55','제목_7','내용_4',2,2,0),
(1127,'2020-12-15 13:12:55','2020-12-15 13:12:55','제목_4','내용_3',2,1,0),
(1128,'2020-12-15 13:12:55','2020-12-15 13:12:55','제목_2','내용_4',2,1,0),
(1129,'2020-12-15 13:12:55','2020-12-15 13:12:55','제목_8','내용_6',1,2,0),
(1130,'2020-12-15 13:12:55','2020-12-15 13:12:55','제목_10','내용_2',2,1,0),
(1131,'2020-12-15 13:12:55','2020-12-15 13:12:55','제목_1','내용_10',2,2,0),
(1132,'2020-12-15 13:12:55','2020-12-15 13:12:55','제목_8','내용_4',2,2,0),
(1133,'2020-12-15 13:12:55','2020-12-15 13:12:55','제목_10','내용_6',2,2,0),
(1134,'2020-12-15 13:12:55','2020-12-15 13:12:55','제목_4','내용_1',2,2,0),
(1135,'2020-12-15 13:12:55','2020-12-15 13:12:55','제목_5','내용_3',2,1,0),
(1136,'2020-12-15 13:12:55','2020-12-15 13:12:55','제목_8','내용_5',2,1,0),
(1137,'2020-12-15 13:12:55','2020-12-15 13:12:55','제목_10','내용_2',1,1,0),
(1138,'2020-12-15 13:12:55','2020-12-15 13:12:55','제목_4','내용_1',2,2,0),
(1139,'2020-12-15 13:12:55','2020-12-15 13:12:55','제목_3','내용_10',2,1,0),
(1140,'2020-12-15 13:12:55','2020-12-15 13:12:55','제목_7','내용_7',2,2,0),
(1141,'2020-12-15 13:12:55','2020-12-15 13:12:55','제목_7','내용_3',2,2,0),
(1142,'2020-12-15 13:12:55','2020-12-15 13:12:55','제목_9','내용_3',1,1,0),
(1143,'2020-12-15 13:12:55','2020-12-15 13:12:55','제목_3','내용_1',2,2,0),
(1144,'2020-12-15 13:12:55','2020-12-15 13:12:55','제목_6','내용_9',2,1,0),
(1145,'2020-12-15 13:12:55','2020-12-15 13:12:55','제목_2','내용_2',2,2,0),
(1146,'2020-12-15 13:12:55','2020-12-15 13:12:55','제목_4','내용_10',1,2,0),
(1147,'2020-12-15 13:12:55','2020-12-15 13:12:55','제목_9','내용_10',2,2,0),
(1148,'2020-12-15 13:12:55','2020-12-15 13:12:55','제목_10','내용_5',2,2,0),
(1149,'2020-12-15 13:12:55','2020-12-15 13:12:55','제목_1','내용_6',1,1,0),
(1150,'2020-12-15 13:12:55','2020-12-15 13:12:55','제목_2','내용_1',2,1,0),
(1151,'2020-12-15 13:12:55','2020-12-15 13:12:55','제목_6','내용_2',1,1,0),
(1152,'2020-12-15 13:12:55','2020-12-15 13:12:55','제목_7','내용_5',2,2,0),
(1153,'2020-12-15 13:12:55','2020-12-15 13:12:55','제목_1','내용_5',2,2,0),
(1154,'2020-12-15 13:12:55','2020-12-15 13:12:55','제목_1','내용_6',1,1,0),
(1155,'2020-12-15 13:12:55','2020-12-15 13:12:55','제목_10','내용_1',1,1,0),
(1156,'2020-12-15 13:12:55','2020-12-15 13:12:55','제목_3','내용_6',1,1,0),
(1157,'2020-12-15 13:12:55','2020-12-15 13:12:55','제목_7','내용_7',2,1,0),
(1158,'2020-12-15 13:12:55','2020-12-15 13:12:55','제목_3','내용_5',1,1,0),
(1159,'2020-12-15 13:12:55','2020-12-15 13:12:55','제목_9','내용_4',1,1,0),
(1160,'2020-12-15 13:12:55','2020-12-15 13:12:55','제목_1','내용_1',1,2,0),
(1161,'2020-12-15 13:12:55','2020-12-15 13:12:55','제목_8','내용_1',2,1,0),
(1162,'2020-12-15 13:12:55','2020-12-15 13:12:55','제목_3','내용_7',1,1,0),
(1163,'2020-12-15 13:12:55','2020-12-15 13:12:55','제목_9','내용_5',1,1,0),
(1164,'2020-12-15 13:12:55','2020-12-15 13:12:55','제목_3','내용_8',2,2,0),
(1165,'2020-12-15 13:12:55','2020-12-15 13:12:55','제목_3','내용_10',2,1,0),
(1166,'2020-12-15 13:12:55','2020-12-15 13:12:55','제목_7','내용_10',1,1,0),
(1167,'2020-12-15 13:12:55','2020-12-15 13:12:55','제목_10','내용_1',1,2,0),
(1168,'2020-12-15 13:12:55','2020-12-15 13:12:55','제목_7','내용_4',1,1,0),
(1169,'2020-12-15 13:12:55','2020-12-15 13:12:55','제목_7','내용_5',2,2,0),
(1170,'2020-12-15 13:12:55','2020-12-15 13:12:55','제목_7','내용_9',2,1,0),
(1171,'2020-12-15 13:12:55','2020-12-15 13:12:55','제목_2','내용_8',2,2,0),
(1172,'2020-12-15 13:12:55','2020-12-15 13:12:55','제목_7','내용_2',1,1,0),
(1173,'2020-12-15 13:12:55','2020-12-15 13:12:55','제목_8','내용_10',1,1,0),
(1174,'2020-12-15 13:12:55','2020-12-15 13:12:55','제목_9','내용_8',2,1,0),
(1175,'2020-12-15 13:12:55','2020-12-15 13:12:55','제목_3','내용_8',2,1,0),
(1176,'2020-12-15 13:12:55','2020-12-15 13:12:55','제목_5','내용_6',2,1,0),
(1177,'2020-12-15 13:12:55','2020-12-15 13:12:55','제목_2','내용_10',1,1,0),
(1178,'2020-12-15 13:12:55','2020-12-15 13:12:55','제목_8','내용_10',2,2,0),
(1179,'2020-12-15 13:12:55','2020-12-15 13:12:55','제목_2','내용_1',1,2,0),
(1180,'2020-12-15 13:12:55','2020-12-15 13:12:55','제목_4','내용_2',1,1,0),
(1181,'2020-12-15 13:12:55','2020-12-15 13:12:55','제목_2','내용_4',2,1,0),
(1182,'2020-12-15 13:12:55','2020-12-15 13:12:55','제목_3','내용_10',1,1,0),
(1183,'2020-12-15 13:12:55','2020-12-15 13:12:55','제목_6','내용_5',1,1,0),
(1184,'2020-12-15 13:12:55','2020-12-15 13:12:55','제목_1','내용_4',1,1,0),
(1185,'2020-12-15 13:12:55','2020-12-15 13:12:55','제목_3','내용_4',1,2,0),
(1186,'2020-12-15 13:12:55','2020-12-15 13:12:55','제목_10','내용_6',1,2,0),
(1187,'2020-12-15 13:12:55','2020-12-15 13:12:55','제목_7','내용_9',2,1,0),
(1188,'2020-12-15 13:12:55','2020-12-15 13:12:55','제목_8','내용_8',1,1,0),
(1189,'2020-12-15 13:12:55','2020-12-15 13:12:55','제목_3','내용_2',1,2,0),
(1190,'2020-12-15 13:12:55','2020-12-15 13:12:55','제목_6','내용_8',1,1,0),
(1191,'2020-12-15 13:12:55','2020-12-15 13:12:55','제목_9','내용_10',2,2,0),
(1192,'2020-12-15 13:12:55','2020-12-15 13:12:55','제목_3','내용_10',1,1,0),
(1193,'2020-12-15 13:12:55','2020-12-15 13:12:55','제목_5','내용_5',1,2,0),
(1194,'2020-12-15 13:12:55','2020-12-15 13:12:55','제목_9','내용_9',1,1,0),
(1195,'2020-12-15 13:12:55','2020-12-15 13:12:55','제목_4','내용_3',2,2,0),
(1196,'2020-12-15 13:12:55','2020-12-15 13:12:55','제목_3','내용_1',2,2,0),
(1197,'2020-12-15 13:12:55','2020-12-15 13:12:55','제목_1','내용_10',1,1,0),
(1198,'2020-12-15 13:12:55','2020-12-15 13:12:55','제목_3','내용_4',1,2,0),
(1199,'2020-12-15 13:12:55','2020-12-15 13:12:55','제목_9','내용_10',2,2,0),
(1200,'2020-12-15 13:12:55','2020-12-15 13:12:55','제목_4','내용_7',2,1,0),
(1201,'2020-12-15 13:12:55','2020-12-15 13:12:55','제목_2','내용_2',1,2,0),
(1202,'2020-12-15 13:12:55','2020-12-15 13:12:55','제목_6','내용_4',2,2,0),
(1203,'2020-12-15 13:12:55','2020-12-15 13:12:55','제목_1','내용_2',1,1,0),
(1204,'2020-12-15 13:12:55','2020-12-15 13:12:55','제목_10','내용_2',1,1,0),
(1205,'2020-12-15 13:12:55','2020-12-15 13:12:55','제목_9','내용_7',1,2,0),
(1206,'2020-12-15 13:12:55','2020-12-15 13:12:55','제목_5','내용_3',1,1,0),
(1207,'2020-12-15 13:12:55','2020-12-15 13:12:55','제목_7','내용_4',1,1,0),
(1208,'2020-12-15 13:12:55','2020-12-15 13:12:55','제목_10','내용_9',2,2,0),
(1209,'2020-12-15 13:12:55','2020-12-15 13:12:55','제목_7','내용_4',1,2,0),
(1210,'2020-12-15 13:12:55','2020-12-15 13:12:55','제목_1','내용_8',2,1,0),
(1211,'2020-12-15 13:12:55','2020-12-15 13:12:55','제목_2','내용_7',1,2,0),
(1212,'2020-12-15 13:12:55','2020-12-15 13:12:55','제목_3','내용_10',1,2,0),
(1213,'2020-12-15 13:12:55','2020-12-15 13:12:55','제목_5','내용_9',2,1,0),
(1214,'2020-12-15 13:12:55','2020-12-15 13:12:55','제목_6','내용_7',2,1,0),
(1215,'2020-12-15 13:12:55','2020-12-15 13:12:55','제목_2','내용_2',2,2,0),
(1216,'2020-12-15 13:12:55','2020-12-15 13:12:55','제목_3','내용_1',1,1,0),
(1217,'2020-12-15 13:12:55','2020-12-15 13:12:55','제목_5','내용_6',2,2,0),
(1218,'2020-12-15 13:12:55','2020-12-15 13:12:55','제목_6','내용_9',2,1,0),
(1219,'2020-12-15 13:12:55','2020-12-15 13:12:55','제목_7','내용_8',1,1,0),
(1220,'2020-12-15 13:12:55','2020-12-15 13:12:55','제목_2','내용_8',2,1,0),
(1221,'2020-12-15 13:12:55','2020-12-15 13:12:55','제목_10','내용_8',1,2,0),
(1222,'2020-12-15 13:12:55','2020-12-15 13:12:55','제목_10','내용_7',1,2,0),
(1223,'2020-12-15 13:12:55','2020-12-15 13:12:55','제목_3','내용_4',1,2,0),
(1224,'2020-12-15 13:12:55','2020-12-15 13:12:55','제목_7','내용_8',1,2,0),
(1225,'2020-12-15 13:12:55','2020-12-15 13:12:55','제목_3','내용_4',1,1,0),
(1226,'2020-12-15 13:12:55','2020-12-15 13:12:55','제목_1','내용_9',2,1,0),
(1227,'2020-12-15 13:12:55','2020-12-15 13:12:55','제목_3','내용_3',2,2,0),
(1228,'2020-12-15 13:12:55','2020-12-15 13:12:55','제목_6','내용_4',2,2,0),
(1229,'2020-12-15 13:12:55','2020-12-15 13:12:55','제목_8','내용_8',2,2,0),
(1230,'2020-12-15 13:12:55','2020-12-15 13:12:55','제목_4','내용_2',1,1,0),
(1231,'2020-12-15 13:12:55','2020-12-15 13:12:55','제목_1','내용_10',1,2,0),
(1232,'2020-12-15 13:12:55','2020-12-15 13:12:55','제목_8','내용_6',1,1,0),
(1233,'2020-12-15 13:12:55','2020-12-15 13:12:55','제목_7','내용_6',1,1,0),
(1234,'2020-12-15 13:12:55','2020-12-15 13:12:55','제목_2','내용_2',2,1,0),
(1235,'2020-12-15 13:12:55','2020-12-15 13:12:55','제목_9','내용_6',2,2,0),
(1236,'2020-12-15 13:12:55','2020-12-15 13:12:55','제목_2','내용_5',1,1,0),
(1237,'2020-12-15 13:12:55','2020-12-15 13:12:55','제목_7','내용_6',1,1,0),
(1238,'2020-12-15 13:12:55','2020-12-15 13:12:55','제목_5','내용_7',1,2,0),
(1239,'2020-12-15 13:12:55','2020-12-15 13:12:55','제목_7','내용_10',1,2,0),
(1240,'2020-12-15 13:12:55','2020-12-15 13:12:55','제목_5','내용_8',1,1,0),
(1241,'2020-12-15 13:12:55','2020-12-15 13:12:55','제목_9','내용_6',2,2,0),
(1242,'2020-12-15 13:12:55','2020-12-15 13:12:55','제목_5','내용_9',1,1,0),
(1243,'2020-12-15 13:12:55','2020-12-15 13:12:55','제목_6','내용_9',1,2,0),
(1244,'2020-12-15 13:12:55','2020-12-15 13:12:55','제목_6','내용_3',1,2,0),
(1245,'2020-12-15 13:12:55','2020-12-15 13:12:55','제목_2','내용_9',1,1,0),
(1246,'2020-12-15 13:12:55','2020-12-15 13:12:55','제목_7','내용_10',1,2,0),
(1247,'2020-12-15 13:12:55','2020-12-15 13:12:55','제목_4','내용_6',1,1,0),
(1248,'2020-12-15 13:12:55','2020-12-15 13:12:55','제목_9','내용_1',1,1,0),
(1249,'2020-12-15 13:12:55','2020-12-15 13:12:55','제목_6','내용_9',1,1,0),
(1250,'2020-12-15 13:12:55','2020-12-15 13:12:55','제목_4','내용_2',1,2,0),
(1251,'2020-12-15 13:12:55','2020-12-15 13:12:55','제목_2','내용_5',2,2,0),
(1252,'2020-12-15 13:12:55','2020-12-15 13:12:55','제목_1','내용_3',2,2,0),
(1253,'2020-12-15 13:12:55','2020-12-15 13:12:55','제목_10','내용_3',1,2,0),
(1254,'2020-12-15 13:12:55','2020-12-15 13:12:55','제목_10','내용_7',2,2,0),
(1255,'2020-12-15 13:12:55','2020-12-15 13:12:55','제목_2','내용_10',2,1,0),
(1256,'2020-12-15 13:12:55','2020-12-15 13:12:55','제목_7','내용_3',2,2,0),
(1257,'2020-12-15 13:12:55','2020-12-15 13:12:55','제목_2','내용_4',2,2,0),
(1258,'2020-12-15 13:12:55','2020-12-15 13:12:55','제목_7','내용_5',2,1,0),
(1259,'2020-12-15 13:12:55','2020-12-15 13:12:55','제목_7','내용_7',2,2,0),
(1260,'2020-12-15 13:12:55','2020-12-15 13:12:55','제목_1','내용_8',1,1,0),
(1261,'2020-12-15 13:12:55','2020-12-15 13:12:55','제목_10','내용_7',2,2,0),
(1262,'2020-12-15 13:12:55','2020-12-15 13:12:55','제목_1','내용_9',2,2,0),
(1263,'2020-12-15 13:12:55','2020-12-15 13:12:55','제목_7','내용_8',2,2,0),
(1264,'2020-12-15 13:12:55','2020-12-15 13:12:55','제목_1','내용_1',2,2,0),
(1265,'2020-12-15 13:12:55','2020-12-15 13:12:55','제목_4','내용_5',2,2,0),
(1266,'2020-12-15 13:12:55','2020-12-15 13:12:55','제목_6','내용_5',2,2,0),
(1267,'2020-12-15 13:12:55','2020-12-15 13:12:55','제목_1','내용_1',1,1,0),
(1268,'2020-12-15 13:12:55','2020-12-15 13:12:55','제목_2','내용_2',2,1,0),
(1269,'2020-12-15 13:12:55','2020-12-15 13:12:55','제목_8','내용_6',1,1,0),
(1270,'2020-12-15 13:12:55','2020-12-15 13:12:55','제목_1','내용_7',2,2,0),
(1271,'2020-12-15 13:12:55','2020-12-15 13:12:55','제목_10','내용_4',1,1,0),
(1272,'2020-12-15 13:12:55','2020-12-15 13:12:55','제목_5','내용_8',2,1,0),
(1273,'2020-12-15 13:12:55','2020-12-15 13:12:55','제목_1','내용_6',1,1,0),
(1274,'2020-12-15 13:12:55','2020-12-15 13:12:55','제목_3','내용_5',1,2,0),
(1275,'2020-12-15 13:12:55','2020-12-15 13:12:55','제목_4','내용_5',2,2,0),
(1276,'2020-12-15 13:12:55','2020-12-15 13:12:55','제목_2','내용_5',1,2,0),
(1277,'2020-12-15 13:12:55','2020-12-15 13:12:55','제목_2','내용_4',2,2,0),
(1278,'2020-12-15 13:12:55','2020-12-15 13:12:55','제목_4','내용_2',2,1,0),
(1279,'2020-12-15 13:12:55','2020-12-15 13:12:55','제목_7','내용_9',1,2,0),
(1280,'2020-12-15 13:12:55','2020-12-15 13:12:55','제목_3','내용_1',2,1,0),
(1281,'2020-12-15 13:12:55','2020-12-15 13:12:55','제목_1','내용_8',1,1,0),
(1282,'2020-12-15 13:12:55','2020-12-15 13:12:55','제목_8','내용_5',2,2,0),
(1283,'2020-12-15 13:12:55','2020-12-15 13:12:55','제목_7','내용_10',1,1,0),
(1284,'2020-12-15 13:12:55','2020-12-15 13:12:55','제목_5','내용_2',1,1,0),
(1285,'2020-12-15 13:12:55','2020-12-15 13:12:55','제목_8','내용_3',2,1,0),
(1286,'2020-12-15 13:12:55','2020-12-15 13:12:55','제목_7','내용_8',2,1,0),
(1287,'2020-12-15 13:12:55','2020-12-15 13:12:55','제목_4','내용_2',1,1,0),
(1288,'2020-12-15 13:12:55','2020-12-15 13:12:55','제목_10','내용_2',1,2,0),
(1289,'2020-12-15 13:12:55','2020-12-15 13:12:55','제목_9','내용_10',2,1,0),
(1290,'2020-12-15 13:12:55','2020-12-15 13:12:55','제목_6','내용_6',2,1,0),
(1291,'2020-12-15 13:12:55','2020-12-15 13:12:55','제목_8','내용_4',2,1,0),
(1292,'2020-12-15 13:12:55','2020-12-15 13:12:55','제목_3','내용_8',1,2,0),
(1293,'2020-12-15 13:12:55','2020-12-15 13:12:55','제목_7','내용_2',1,1,0),
(1294,'2020-12-15 13:12:55','2020-12-15 13:12:55','제목_4','내용_2',1,2,0),
(1295,'2020-12-15 13:12:55','2020-12-15 13:12:55','제목_1','내용_5',1,2,0),
(1296,'2020-12-15 13:12:55','2020-12-15 13:12:55','제목_2','내용_5',2,1,0),
(1297,'2020-12-15 13:12:55','2020-12-15 13:12:55','제목_6','내용_4',2,2,0),
(1298,'2020-12-15 13:12:55','2020-12-15 13:12:55','제목_8','내용_10',2,2,0),
(1299,'2020-12-15 13:12:55','2020-12-15 13:12:55','제목_4','내용_4',1,2,0),
(1300,'2020-12-15 13:12:55','2020-12-15 13:12:55','제목_3','내용_4',1,2,0),
(1301,'2020-12-15 13:12:55','2020-12-15 13:12:55','제목_4','내용_3',2,2,0),
(1302,'2020-12-15 13:12:55','2020-12-15 13:12:55','제목_4','내용_2',1,2,0),
(1303,'2020-12-15 13:12:55','2020-12-15 13:12:55','제목_6','내용_7',1,2,0),
(1304,'2020-12-15 13:12:55','2020-12-15 13:12:55','제목_8','내용_4',2,1,0),
(1305,'2020-12-15 13:12:55','2020-12-15 13:12:55','제목_7','내용_3',2,2,0),
(1306,'2020-12-15 13:12:55','2020-12-15 13:12:55','제목_8','내용_6',2,1,0),
(1307,'2020-12-15 13:12:55','2020-12-15 13:12:55','제목_6','내용_1',2,2,0),
(1308,'2020-12-15 13:12:55','2020-12-15 13:12:55','제목_10','내용_7',1,1,0),
(1309,'2020-12-15 13:12:55','2020-12-15 13:12:55','제목_1','내용_1',2,2,0),
(1310,'2020-12-15 13:12:55','2020-12-15 13:12:55','제목_7','내용_1',2,1,0),
(1311,'2020-12-15 13:12:55','2020-12-15 13:12:55','제목_4','내용_3',2,1,0),
(1312,'2020-12-15 13:12:55','2020-12-15 13:12:55','제목_3','내용_9',2,2,0),
(1313,'2020-12-15 13:12:55','2020-12-15 13:12:55','제목_7','내용_7',1,1,0),
(1314,'2020-12-15 13:12:55','2020-12-15 13:12:55','제목_7','내용_5',2,2,0),
(1315,'2020-12-15 13:12:55','2020-12-15 13:12:55','제목_9','내용_5',1,2,0),
(1316,'2020-12-15 13:12:55','2020-12-15 13:12:55','제목_8','내용_9',1,2,0),
(1317,'2020-12-15 13:12:55','2020-12-15 13:12:55','제목_1','내용_1',2,1,0),
(1318,'2020-12-15 13:12:55','2020-12-15 13:12:55','제목_4','내용_6',1,2,0),
(1319,'2020-12-15 13:12:55','2020-12-15 13:12:55','제목_4','내용_1',2,1,0),
(1320,'2020-12-15 13:12:55','2020-12-15 13:12:55','제목_3','내용_6',1,1,0);

/*Table structure for table `articleRecommand` */

DROP TABLE IF EXISTS `articleRecommand`;

CREATE TABLE `articleRecommand` (
  `id` int(10) unsigned NOT NULL AUTO_INCREMENT,
  `articleId` int(10) unsigned NOT NULL,
  `memberId` int(10) unsigned NOT NULL,
  PRIMARY KEY (`id`)
) ENGINE=InnoDB DEFAULT CHARSET=utf8 COLLATE=utf8_unicode_ci;

/*Data for the table `articleRecommand` */

/*Table structure for table `articleReply` */

DROP TABLE IF EXISTS `articleReply`;

CREATE TABLE `articleReply` (
  `id` int(10) unsigned NOT NULL AUTO_INCREMENT,
  `regDate` datetime NOT NULL,
  `updateDate` datetime NOT NULL,
  `body` text COLLATE utf8_unicode_ci NOT NULL,
  `articleId` int(10) unsigned NOT NULL,
  `memberId` int(10) unsigned NOT NULL,
  PRIMARY KEY (`id`)
) ENGINE=InnoDB AUTO_INCREMENT=4 DEFAULT CHARSET=utf8 COLLATE=utf8_unicode_ci;

/*Data for the table `articleReply` */

insert  into `articleReply`(`id`,`regDate`,`updateDate`,`body`,`articleId`,`memberId`) values 
(1,'2020-12-11 12:59:13','2020-12-11 12:59:13','공지사항 제목1 댓글1',1,1),
(2,'2020-12-11 13:11:44','2020-12-11 13:11:44','공지사항 제목1 댓글2',1,2),
(3,'2020-12-11 13:19:16','2020-12-11 13:19:16','긴 내용 게시물의 댓글',43,1);

/*Table structure for table `board` */

DROP TABLE IF EXISTS `board`;

CREATE TABLE `board` (
  `id` int(10) unsigned NOT NULL AUTO_INCREMENT,
  `regDate` datetime NOT NULL,
  `updateDate` datetime NOT NULL,
  `name` char(20) COLLATE utf8_unicode_ci NOT NULL,
  `code` char(20) COLLATE utf8_unicode_ci NOT NULL,
  PRIMARY KEY (`id`)
) ENGINE=InnoDB AUTO_INCREMENT=5 DEFAULT CHARSET=utf8 COLLATE=utf8_unicode_ci;

/*Data for the table `board` */

insert  into `board`(`id`,`regDate`,`updateDate`,`name`,`code`) values 
(1,'2020-12-08 11:24:38','2020-12-08 11:24:38','공지사항','notice'),
(2,'2020-12-08 11:24:38','2020-12-08 11:24:38','자유','free'),
(3,'2020-12-10 11:49:25','2020-12-10 11:49:25','질문','qna'),
(4,'2020-12-11 10:51:08','2020-12-11 10:51:08','사진','photo');

/*Table structure for table `member` */

DROP TABLE IF EXISTS `member`;

CREATE TABLE `member` (
  `id` int(10) unsigned NOT NULL AUTO_INCREMENT,
  `regDate` datetime NOT NULL,
  `updateDate` datetime NOT NULL,
  `loginId` char(30) COLLATE utf8_unicode_ci NOT NULL,
  `loginPw` varchar(50) COLLATE utf8_unicode_ci NOT NULL,
  `name` char(30) COLLATE utf8_unicode_ci NOT NULL,
  PRIMARY KEY (`id`)
) ENGINE=InnoDB AUTO_INCREMENT=4 DEFAULT CHARSET=utf8 COLLATE=utf8_unicode_ci;

/*Data for the table `member` */

insert  into `member`(`id`,`regDate`,`updateDate`,`loginId`,`loginPw`,`name`) values 
(1,'2020-12-08 11:24:38','2020-12-08 11:24:38','test1','test1','테스터1'),
(2,'2020-12-08 11:24:38','2020-12-08 11:24:38','test2','test2','테스터2'),
(3,'2020-12-11 12:44:37','2020-12-11 12:44:37','test3','test3','테스터3');

/*!40101 SET SQL_MODE=@OLD_SQL_MODE */;
/*!40014 SET FOREIGN_KEY_CHECKS=@OLD_FOREIGN_KEY_CHECKS */;
/*!40014 SET UNIQUE_CHECKS=@OLD_UNIQUE_CHECKS */;
/*!40111 SET SQL_NOTES=@OLD_SQL_NOTES */;
